type,line,time,thrower,throwerX,throwerY,receiver,receiverX,receiverY,puller,pullX,pullY,pullMs,defender,turnoverX,turnoverY,team_side,completion,turnover,endX,endY,throw_distance
18,,,arueda,13.29,6.54,dbarram,23.8,6.27,,,,,,,,home,1,0,23.8,6.27,10.513467553571468
18,,,dbarram,23.8,6.27,arueda,20.46,13.7,,,,,,,,home,1,0,20.46,13.7,8.14619543099722
18,,,arueda,20.46,13.7,jsnyder,2.38,10.43,,,,,,,,home,1,0,2.38,10.43,18.373331216739118
18,,,jsnyder,2.38,10.43,hwayte,-8.87,12.34,,,,,,,,home,1,0,-8.87,12.34,11.410985934615816
18,,,hwayte,-8.87,12.34,qbuermeye,-16.37,25.77,,,,,,,,home,1,0,-16.37,25.77,15.382291766833706
18,,,qbuermeye,-16.37,25.77,jsnyder,-5.32,26.31,,,,,,,,home,1,0,-5.32,26.31,11.063186701850423
18,,,jsnyder,-5.32,26.31,sradlauer,-19.17,42.75,,,,,,,,home,1,0,-19.17,42.75,21.49642063228202
18,,,sradlauer,-19.17,42.75,arueda,-22.24,63.27,,,,,,,,home,1,0,-22.24,63.27,20.74838065970451
18,,,arueda,-22.24,63.27,qbuermeye,-15.08,60.27,,,,,,,,home,1,0,-15.08,60.27,7.763092167429161
18,,,qbuermeye,-15.08,60.27,cstillwel,-20.12,75.68,,,,,,,,home,1,0,-20.12,75.68,16.21325692142082
18,,,cstillwel,-20.12,75.68,qbuermeye,-11.6,71.18,,,,,,,,home,1,0,-11.6,71.18,9.635372333231343
18,,,qbuermeye,-11.6,71.18,dbarram,6.54,65.86,,,,,,,,home,1,0,6.54,65.86,18.904020736340726
18,,,dbarram,6.54,65.86,cstillwel,-16.37,76.02,,,,,,,,home,1,0,-16.37,76.02,25.061797621080572
18,,,cstillwel,-16.37,76.02,arueda,-17.94,92.59,,,,,,,,home,1,0,-17.94,92.59,16.644212207250913
19,,,arueda,-17.94,92.59,sradlauer,-16.31,107.38,,,,,,,,home,1,0,-16.31,107.38,14.879549724370015
18,,,jsnyder,-6.62,13.22,dbarram,-14.05,17.59,,,,,,,,home,1,0,-14.05,17.59,8.619849186615738
18,,,dbarram,-14.05,17.59,tschaidhe,-23.74,15.61,,,,,,,,home,1,0,-23.74,15.61,9.890222444414482
18,,,tschaidhe,-23.74,15.61,sradlauer,-23.6,34.56,,,,,,,,home,1,0,-23.6,34.56,18.95051714333939
18,,,sradlauer,-23.6,34.56,cstillwel,-7.3,92.25,,,,,,,,home,1,0,-7.3,92.25,59.948528755925274
18,,,cstillwel,-7.3,92.25,dbarram,11.93,97.15,,,,,,,,home,1,0,11.93,97.15,19.844467742925232
19,,,dbarram,11.93,97.15,hwayte,11.59,104.86,,,,,,,,home,1,0,11.59,104.86,7.7174931162910605
18,,,arueda,-9.55,9.88,dbarram,0.34,16.77,,,,,,,,home,1,0,0.34,16.77,12.05338956476559
18,,,dbarram,0.34,16.77,sradlauer,17.93,26.11,,,,,,,,home,1,0,17.93,26.11,19.915915745955544
18,,,sradlauer,17.93,26.11,dbarram,4.22,15.81,,,,,,,,home,1,0,4.22,15.81,17.14800571495123
18,,,dbarram,4.22,15.81,hwayte,11.18,39.27,,,,,,,,home,1,0,11.18,39.27,24.47065998292649
18,,,hwayte,11.18,39.27,arueda,-1.16,41.86,,,,,,,,home,1,0,-1.16,41.86,12.608873859310354
18,,,arueda,-1.16,41.86,dbarram,-13.03,42.68,,,,,,,,home,1,0,-13.03,42.68,11.898289793075305
18,,,dbarram,-13.03,42.68,jsnyder,-8.67,60.81,,,,,,,,home,1,0,-8.67,60.81,18.64688982109349
19,,,jsnyder,-8.67,60.81,cstillwel,16.64,114.88,,,,,,,,home,1,0,16.64,114.88,59.700594636904576
19,,,arueda,-10.71,95.72,zheiden,-18.56,107.38,,,,,,,,home,1,0,-18.56,107.38,14.056247721209237
18,,,zheiden,-4.44,18.95,ceustis,-14.8,33.27,,,,,,,,home,1,0,-14.8,33.27,17.674614564397157
18,,,ceustis,-14.8,33.27,zheiden,2.04,18.81,,,,,,,,home,1,0,2.04,18.81,22.19633303048051
18,,,zheiden,2.04,18.81,jsaunt,4.97,34.02,,,,,,,,home,1,0,4.97,34.02,15.489641700181451
18,,,jsaunt,4.97,34.02,ballahdad,19.16,50.86,,,,,,,,home,1,0,19.16,50.86,22.02139187244984
18,,,ballahdad,19.16,50.86,ceustis,10.77,56.45,,,,,,,,home,1,0,10.77,56.45,10.081676447892981
18,,,ceustis,10.77,56.45,ballahdad,-3.42,58.22,,,,,,,,home,1,0,-3.42,58.22,14.299965034922288
18,,,ballahdad,-3.42,58.22,ceustis,2.86,52.22,,,,,,,,home,1,0,2.86,52.22,8.6855281934952
18,,,ceustis,2.86,52.22,arueda,15.89,65.65,,,,,,,,home,1,0,15.89,65.65,18.712183197051065
18,,,arueda,15.89,65.65,zheiden,16.09,88.43,,,,,,,,home,1,0,16.09,88.43,22.78087794620743
18,,,zheiden,16.09,88.43,arueda,20.73,89.38,,,,,,,,home,1,0,20.73,89.38,4.736253793875491
18,,,arueda,20.73,89.38,dmcnally,7.84,89.18,,,,,,,,home,1,0,7.84,89.18,12.891551497007644
19,,,dmcnally,7.84,89.18,jsaunt,3.2,112.77,,,,,,,,home,1,0,3.2,112.77,24.041998668995873
18,,,ndahms,20.66,40.15,kcombs,23.59,57.27,,,,,,,,home,1,0,23.59,57.27,17.36891764042884
18,,,kcombs,23.59,57.27,qbuermeye,18.48,40.43,,,,,,,,home,1,0,18.48,40.43,17.598230024636003
18,,,qbuermeye,18.48,40.43,ataylor2,-4.92,41.52,,,,,,,,home,1,0,-4.92,41.52,23.42537299596316
22,,,ataylor2,-4.92,41.52,,,,,,,,,-24.49,56.79,home,0,1,-24.49,56.79,24.822526060012507
18,,,arueda,2.11,2.72,dbarram,-7.3,7.56,,,,,,,,home,1,0,-7.3,7.56,10.581762613099956
18,,,dbarram,-7.3,7.56,arueda,1.7,6.0,,,,,,,,home,1,0,1.7,6.0,9.134199472312831
18,,,arueda,1.7,6.0,sradlauer,14.79,4.43,,,,,,,,home,1,0,14.79,4.43,13.183815836092371
18,,,sradlauer,14.79,4.43,arueda,2.04,2.18,,,,,,,,home,1,0,2.04,2.18,12.947007376224052
18,,,arueda,2.04,2.18,jsnyder,18.34,8.59,,,,,,,,home,1,0,18.34,8.59,17.51508207231699
18,,,jsnyder,18.34,8.59,cstillwel,-6.62,56.45,,,,,,,,home,1,0,-6.62,56.45,53.97759905738676
18,,,cstillwel,-6.62,56.45,dbarram,-15.83,64.09,,,,,,,,home,1,0,-15.83,64.09,11.966357006207028
18,,,dbarram,-15.83,64.09,sradlauer,-20.4,81.2,,,,,,,,home,1,0,-20.4,81.2,17.709799547143383
18,,,sradlauer,-20.4,81.2,hwayte,-19.03,92.25,,,,,,,,home,1,0,-19.03,92.25,11.13460371993543
19,,,hwayte,-19.03,92.25,jsnyder,-18.21,111.61,,,,,,,,home,1,0,-18.21,111.61,19.377357921037635
18,,,jsnyder,10.36,13.29,dbarram,2.38,15.27,,,,,,,,home,1,0,2.38,15.27,8.221970566719392
18,,,dbarram,2.38,15.27,jsnyder,11.18,16.56,,,,,,,,home,1,0,11.18,16.56,8.894048571938429
18,,,jsnyder,11.18,16.56,arueda,2.52,13.9,,,,,,,,home,1,0,2.52,13.9,9.059315647442691
18,,,arueda,2.52,13.9,qbuermeye,9.0,22.63,,,,,,,,home,1,0,9.0,22.63,10.872134105133178
18,,,qbuermeye,9.0,22.63,sradlauer,18.82,49.9,,,,,,,,home,1,0,18.82,49.9,28.984225019827594
18,,,sradlauer,18.82,49.9,jsnyder,21.14,66.4,,,,,,,,home,1,0,21.14,66.4,16.662304762547116
18,,,jsnyder,21.14,66.4,hwayte,22.5,78.61,,,,,,,,home,1,0,22.5,78.61,12.285507722515982
18,,,hwayte,22.5,88.61,arueda,23.93,92.79,,,,,,,,home,1,0,23.93,92.79,4.41783883816511
18,,,arueda,23.93,92.79,hwayte,12.75,92.72,,,,,,,,home,1,0,12.75,92.72,11.180219139176119
18,,,hwayte,12.75,92.72,arueda,10.16,98.86,,,,,,,,home,1,0,10.16,98.86,6.663910263501453
18,,,arueda,0.0,100.0,dbarram,-13.37,90.88,,,,,,,,home,1,0,-13.37,90.88,16.184291767019033
19,,,dbarram,-13.37,90.88,hwayte,-12.21,103.9,,,,,,,,home,1,0,-12.21,103.9,13.071572208422378
18,,,sradlauer,-2.8,6.47,jsnyder,-11.6,20.72,,,,,,,,home,1,0,-11.6,20.72,16.74820885945718
18,,,jsnyder,-11.6,20.72,hwayte,-20.26,37.43,,,,,,,,home,1,0,-20.26,37.43,18.82072527826704
18,,,hwayte,-20.26,37.43,jsnyder,-11.39,29.86,,,,,,,,home,1,0,-11.39,29.86,11.66112344502021
18,,,jsnyder,-11.39,29.86,dbarram,4.77,33.34,,,,,,,,home,1,0,4.77,33.34,16.530456739001497
18,,,dbarram,4.77,33.34,hwayte,17.39,37.7,,,,,,,,home,1,0,17.39,37.7,13.351928699629878
22,,,hwayte,17.39,37.7,,,,,,,,,22.43,66.47,home,0,1,22.43,66.47,29.208123869909887
18,,,ceustis,6.06,46.84,hwayte,14.73,69.81,,,,,,,,home,1,0,14.73,69.81,24.551777939693082
18,,,hwayte,14.73,69.81,zheiden,15.68,81.75,,,,,,,,home,1,0,15.68,81.75,11.977733508473127
19,,,zheiden,15.68,81.75,jsaunt,14.73,112.15,,,,,,,,home,1,0,14.73,112.15,30.414840127806038
18,,,arueda,15.41,17.93,jsnyder,1.02,17.25,,,,,,,,home,1,0,1.02,17.25,14.406057753597963
18,,,jsnyder,1.02,17.25,arueda,10.36,16.43,,,,,,,,home,1,0,10.36,16.43,9.375926620873267
18,,,arueda,10.36,16.43,dbarram,0.88,28.77,,,,,,,,home,1,0,0.88,28.77,15.561041096276302
18,,,dbarram,0.88,28.77,qbuermeye,13.7,39.95,,,,,,,,home,1,0,13.7,39.95,17.01013815346601
18,,,qbuermeye,13.7,39.95,arueda,19.84,53.24,,,,,,,,home,1,0,19.84,53.24,14.639798495881013
18,,,arueda,19.84,53.24,hwayte,11.59,100.0,,,,,,,,home,1,0,11.59,100.0,47.48220824687916
19,,,hwayte,11.59,100.0,sradlauer,14.32,109.29,,,,,,,,home,1,0,14.32,109.29,9.682819837216849
20,,,zheiden,-24.42,19.84,ballahdad,-24.42,19.84,,,,,,,,home,1,0,-24.42,19.84,0.0
18,,,dbarram,-12.76,17.38,tschaidhe,-1.51,15.13,,,,,,,,home,1,0,-1.51,15.13,11.472793905583766
18,,,tschaidhe,-1.51,15.13,dbarram,5.93,15.81,,,,,,,,home,1,0,5.93,15.81,7.471010641138185
18,,,dbarram,5.93,15.81,jsnyder,-11.53,26.79,,,,,,,,home,1,0,-11.53,26.79,20.625518175308954
18,,,jsnyder,-11.53,26.79,dbarram,1.29,23.59,,,,,,,,home,1,0,1.29,23.59,13.21334174234512
18,,,dbarram,1.29,23.59,qbuermeye,11.25,29.31,,,,,,,,home,1,0,11.25,29.31,11.485643212288984
18,,,qbuermeye,11.25,29.31,sradlauer,4.36,39.81,,,,,,,,home,1,0,4.36,39.81,12.558745956503781
18,,,sradlauer,4.36,39.81,dbarram,-6.35,33.0,,,,,,,,home,1,0,-6.35,33.0,12.691737469708395
18,,,dbarram,-6.35,33.0,sradlauer,4.97,33.34,,,,,,,,home,1,0,4.97,33.34,11.325104856026721
18,,,sradlauer,4.97,33.34,qbuermeye,13.36,31.15,,,,,,,,home,1,0,13.36,31.15,8.671112962013586
18,,,qbuermeye,13.36,31.15,sradlauer,19.77,32.59,,,,,,,,home,1,0,19.77,32.59,6.569756464283895
18,,,sradlauer,19.77,32.59,qbuermeye,5.45,36.34,,,,,,,,home,1,0,5.45,36.34,14.802867965364008
22,,,qbuermeye,5.45,36.34,,,,,,,,,-9.14,45.88,home,0,1,-9.14,45.88,17.43214559370131
18,,,dbarram,20.8,8.86,hwayte,20.18,32.31,,,,,,,,home,1,0,20.18,32.31,23.458194730200365
18,,,hwayte,20.18,32.31,cstillwel,15.48,46.43,,,,,,,,home,1,0,15.48,46.43,14.881680012686736
18,,,cstillwel,15.48,46.43,dbarram,7.7,45.95,,,,,,,,home,1,0,7.7,45.95,7.794793133881104
19,,,dbarram,7.7,45.95,sradlauer,17.93,116.72,,,,,,,,home,1,0,17.93,116.72,71.50556481841116
18,,,dbarram,26.59,67.7,jsnyder,19.71,53.59,,,,,,,,home,1,0,19.71,53.59,15.697977576745355
22,,,jsnyder,19.71,53.59,,,,,,,,,21.14,78.95,home,0,1,21.14,78.95,25.400285431467104
18,,,tschaidhe,25.71,20.72,sradlauer,22.64,15.47,,,,,,,,home,1,0,22.64,15.47,6.081726728487558
18,,,sradlauer,22.64,15.47,cstillwel,-20.87,24.47,,,,,,,,home,1,0,-20.87,24.47,44.431071335271675
18,,,cstillwel,-20.87,24.47,qbuermeye,-18.01,95.65,,,,,,,,home,1,0,-18.01,95.65,71.23743397961498
18,,,qbuermeye,-18.01,95.65,hwayte,-22.31,94.84,,,,,,,,home,1,0,-22.31,94.84,4.375625669547154
19,,,hwayte,-22.31,94.84,qbuermeye,-24.22,104.38,,,,,,,,home,1,0,-24.22,104.38,9.729321661863166
18,,,arueda,-2.66,12.61,dbarram,12.27,19.99,,,,,,,,home,1,0,12.27,19.99,16.65440782495733
18,,,dbarram,12.27,19.99,arueda,-0.48,19.99,,,,,,,,home,1,0,-0.48,19.99,12.75
18,,,arueda,-0.48,19.99,sradlauer,-12.42,21.68,,,,,,,,home,1,0,-12.42,21.68,12.059009080351501
18,,,sradlauer,-12.42,21.68,qbuermeye,11.93,94.15,,,,,,,,home,1,0,11.93,94.15,76.45144472147011
18,,,qbuermeye,11.93,94.15,dbarram,14.59,81.54,,,,,,,,home,1,0,14.59,81.54,12.88750169738107
18,,,dbarram,14.59,81.54,cstillwel,12.95,93.0,,,,,,,,home,1,0,12.95,93.0,11.576752567106196
19,,,cstillwel,12.95,93.0,jsnyder,17.39,111.4,,,,,,,,home,1,0,17.39,111.4,18.928116652218737
18,,,dbarram,23.25,36.27,qbuermeye,23.66,48.95,,,,,,,,home,1,0,23.66,48.95,12.686626817243424
18,,,qbuermeye,23.66,48.95,dbarram,14.04,35.59,,,,,,,,home,1,0,14.04,35.59,16.46311027722283
18,,,dbarram,14.04,35.59,cstillwel,-1.1,53.93,,,,,,,,home,1,0,-1.1,53.93,23.781824993048783
18,,,cstillwel,-1.1,53.93,arueda,1.15,75.47,,,,,,,,home,1,0,1.15,75.47,21.65719510924718
22,,,arueda,1.15,75.47,,,,,,,,,-23.4,105.54,home,0,1,-23.4,105.54,38.818905188065266
18,,,dbarram,-10.24,25.49,jsnyder,1.36,18.61,,,,,,,,home,1,0,1.36,18.61,13.48682319895979
18,,,jsnyder,1.36,18.61,arueda,17.25,42.88,,,,,,,,home,1,0,17.25,42.88,29.009050311928522
18,,,arueda,17.25,42.88,dbarram,5.45,41.38,,,,,,,,home,1,0,5.45,41.38,11.894956914591999
19,,,dbarram,5.45,41.38,sradlauer,-1.23,108.34,,,,,,,,home,1,0,-1.23,108.34,67.29237698283514
18,,,dbarram,26.66,40.63,jsnyder,3.88,31.02,,,,,,,,home,1,0,3.88,31.02,24.724087445242546
18,,,jsnyder,3.88,31.02,dbarram,5.18,23.59,,,,,,,,home,1,0,5.18,23.59,7.5428708062646805
18,,,dbarram,5.18,23.59,hwayte,-18.76,31.9,,,,,,,,home,1,0,-18.76,31.9,25.34126476717372
18,,,hwayte,-18.76,41.9,dbarram,-2.12,34.7,,,,,,,,home,1,0,-2.12,34.7,18.130901797759535
19,,,dbarram,-2.12,34.7,arueda,4.22,116.93,,,,,,,,home,1,0,4.22,116.93,82.47404743311681
18,,,hwayte,-26.47,28.09,zheiden,-6.48,16.7,,,,,,,,home,1,0,-6.48,16.7,23.007220605714195
18,,,zheiden,-6.48,16.7,dmcnally,13.98,21.68,,,,,,,,home,1,0,13.98,21.68,21.057350260657206
18,,,dmcnally,13.98,21.68,ceustis,17.18,35.65,,,,,,,,home,1,0,17.18,35.65,14.331814260588224
18,,,ceustis,17.18,35.65,ballahdad,17.05,60.4,,,,,,,,home,1,0,17.05,60.4,24.750341411786625
18,,,ballahdad,17.05,60.4,jsaunt,12.82,97.49,,,,,,,,home,1,0,12.82,97.49,37.33042994662665
18,,,jsaunt,12.82,97.49,hwayte,19.71,96.88,,,,,,,,home,1,0,19.71,96.88,6.91695019499201
19,,,hwayte,19.71,96.88,arueda,25.37,104.45,,,,,,,,home,1,0,25.37,104.45,9.452010368170367
22,,,pbuermeye,13.02,19.9,,,,,,,,,6.47,75.2,home,0,1,6.47,75.2,55.68655582813504
18,,,arueda,18.95,16.63,jsnyder,5.31,16.63,,,,,,,,home,1,0,5.31,16.63,13.64
18,,,jsnyder,5.31,16.63,dbarram,-7.85,18.27,,,,,,,,home,1,0,-7.85,18.27,13.261794750334511
18,,,dbarram,-7.85,18.27,jsnyder,2.45,18.81,,,,,,,,home,1,0,2.45,18.81,10.314145626274627
18,,,jsnyder,2.45,18.81,arueda,18.55,28.77,,,,,,,,home,1,0,18.55,28.77,18.931761671857167
18,,,arueda,18.55,28.77,sradlauer,23.25,41.93,,,,,,,,home,1,0,23.25,41.93,13.974104622479395
18,,,sradlauer,23.25,41.93,arueda,21.89,52.43,,,,,,,,home,1,0,21.89,52.43,10.5877098562437
18,,,arueda,21.89,52.43,hwayte,23.46,75.13,,,,,,,,home,1,0,23.46,75.13,22.754228178516623
18,,,hwayte,23.46,75.13,qbuermeye,25.09,82.29,,,,,,,,home,1,0,25.09,82.29,7.343194127898306
18,,,qbuermeye,25.09,82.29,hwayte,16.02,90.47,,,,,,,,home,1,0,16.02,90.47,12.21381594752434
18,,,hwayte,16.02,90.47,qbuermeye,22.3,97.49,,,,,,,,home,1,0,22.3,97.49,9.419065771083668
19,,,qbuermeye,22.3,97.49,arueda,21.41,108.34,,,,,,,,home,1,0,21.41,108.34,10.886441108094058
18,,,dbarram,26.66,46.56,jsnyder,2.45,39.61,,,,,,,,home,1,0,2.45,39.61,25.18782642468381
18,,,jsnyder,2.45,39.61,tschaidhe,5.59,51.74,,,,,,,,home,1,0,5.59,51.74,12.52982442015849
20,,,tschaidhe,5.59,51.74,jsnyder,-12.55,52.63,,,,,,,,home,1,0,-12.55,52.63,18.161819842736026
18,,,jsnyder,-1.98,6.47,dbarram,-8.8,13.9,,,,,,,,home,1,0,-8.8,13.9,10.085499491844717
18,,,dbarram,-8.8,13.9,jsnyder,4.97,17.65,,,,,,,,home,1,0,4.97,17.65,14.27148906036087
18,,,jsnyder,4.97,17.65,dbarram,-4.1,17.93,,,,,,,,home,1,0,-4.1,17.93,9.07432091123077
18,,,dbarram,-4.1,17.93,sradlauer,-15.96,28.43,,,,,,,,home,1,0,-15.96,28.43,15.84012626212304
18,,,sradlauer,-15.96,28.43,dbarram,-4.17,25.15,,,,,,,,home,1,0,-4.17,25.15,12.23774897601679
18,,,dbarram,-4.17,25.15,jsnyder,12.89,28.09,,,,,,,,home,1,0,12.89,28.09,17.311475962493784
18,,,jsnyder,12.89,28.09,sradlauer,-4.44,31.09,,,,,,,,home,1,0,-4.44,31.09,17.587748576779237
22,,,sradlauer,-4.44,31.09,,,,,,,,,-0.41,87.4,home,0,1,-0.41,87.4,56.454025542914124
18,,,sradlauer,26.66,30.25,tschaidhe,17.18,37.36,,,,,,,,home,1,0,17.18,37.36,11.85
18,,,tschaidhe,17.18,37.36,dbarram,15.82,46.15,,,,,,,,home,1,0,15.82,46.15,8.894588242296548
18,,,dbarram,15.82,46.15,cstillwel,-2.87,51.06,,,,,,,,home,1,0,-2.87,51.06,19.324186916918396
18,,,cstillwel,-2.87,51.06,hwayte,0.47,61.63,,,,,,,,home,1,0,0.47,61.63,11.085147721162764
19,,,hwayte,0.47,61.63,tschaidhe,15.95,106.63,,,,,,,,home,1,0,15.95,106.63,47.58813297451371
18,,,dbarram,26.66,50.04,qbuermeye,26.25,63.68,,,,,,,,home,1,0,26.25,63.68,13.646160632207142
18,,,qbuermeye,26.25,63.68,dbarram,22.16,54.27,,,,,,,,home,1,0,22.16,54.27,10.260419094754363
18,,,dbarram,22.16,54.27,arueda,-8.8,51.88,,,,,,,,home,1,0,-8.8,51.88,31.052112649544476
18,,,arueda,-8.8,51.88,hwayte,-17.4,69.2,,,,,,,,home,1,0,-17.4,69.2,19.337590335923448
18,,,hwayte,-17.4,69.2,arueda,-23.19,63.54,,,,,,,,home,1,0,-23.19,63.54,8.096894466398835
18,,,arueda,-23.19,63.54,qbuermeye,0.54,67.43,,,,,,,,home,1,0,0.54,67.43,24.0467253487871
18,,,qbuermeye,0.54,67.43,arueda,-16.58,79.09,,,,,,,,home,1,0,-16.58,79.09,20.713522153414658
18,,,arueda,-16.58,79.09,sradlauer,-18.69,70.7,,,,,,,,home,1,0,-18.69,70.7,8.651254244327815
18,,,sradlauer,-18.69,70.7,dbarram,4.63,75.13,,,,,,,,home,1,0,4.63,75.13,23.737044887685578
18,,,dbarram,4.63,75.13,arueda,14.86,89.25,,,,,,,,home,1,0,14.86,89.25,17.43637863777912
19,,,arueda,14.86,89.25,qbuermeye,23.59,107.11,,,,,,,,home,1,0,23.59,107.11,19.879449187540384
22,,,dbarram,24.48,11.45,,,,,,,,,4.09,87.2,home,0,1,4.09,87.2,78.44625293791921
18,,,dbarram,26.66,51.06,qbuermeye,25.43,64.9,,,,,,,,home,1,0,25.43,64.9,13.894549290998974
18,,,qbuermeye,25.43,64.9,sradlauer,16.64,67.9,,,,,,,,home,1,0,16.64,67.9,9.28784689796295
18,,,sradlauer,16.64,67.9,jsnyder,6.88,68.93,,,,,,,,home,1,0,6.88,68.93,9.814198897515784
18,,,jsnyder,6.88,68.93,tschaidhe,-8.87,76.84,,,,,,,,home,1,0,-8.87,76.84,17.624715600542324
18,,,tschaidhe,-8.87,76.84,jsnyder,-4.23,68.93,,,,,,,,home,1,0,-4.23,68.93,9.170479812965073
18,,,jsnyder,-4.23,68.93,cstillwel,-19.03,86.79,,,,,,,,home,1,0,-19.03,86.79,23.19524951363964
22,,,cstillwel,-19.03,86.79,,,,,,,,,-5.87,83.59,home,0,1,-5.87,83.59,13.543470751620502
18,,,dbarram,-20.47,6.95,jsnyder,-11.53,20.86,,,,,,,,home,1,0,-11.53,20.86,16.535165557078646
18,,,jsnyder,-11.53,20.86,dbarram,-21.9,18.0,,,,,,,,home,1,0,-21.9,18.0,10.757160405980752
18,,,dbarram,-21.9,18.0,jsnyder,-2.66,26.59,,,,,,,,home,1,0,-2.66,26.59,21.070493587004552
18,,,jsnyder,-2.66,26.59,dmcnally,16.7,30.06,,,,,,,,home,1,0,16.7,30.06,19.668515449824877
18,,,dmcnally,16.7,30.06,qbuermeye,22.64,46.7,,,,,,,,home,1,0,22.64,46.7,17.66842381198731
18,,,qbuermeye,22.64,46.7,dmcnally,10.16,50.31,,,,,,,,home,1,0,10.16,50.31,12.991631922125872
18,,,dmcnally,10.16,50.31,jsnyder,0.13,42.34,,,,,,,,home,1,0,0.13,42.34,12.811003083287426
18,,,jsnyder,0.13,42.34,dbarram,-17.81,44.11,,,,,,,,home,1,0,-17.81,44.11,18.027104592806907
19,,,dbarram,-17.81,44.11,qbuermeye,9.2,113.72,,,,,,,,home,1,0,9.2,113.72,74.66654002965451
18,,,arueda,-16.24,19.63,jsaunt,-4.03,14.52,,,,,,,,home,1,0,-4.03,14.52,13.236170140943335
18,,,jsaunt,-4.03,14.52,ceustis,-14.74,24.61,,,,,,,,home,1,0,-14.74,24.61,14.714353536598201
18,,,ceustis,-14.74,24.61,jsaunt,6.34,30.54,,,,,,,,home,1,0,6.34,30.54,21.89820312263086
22,,,jsaunt,6.34,30.54,,,,,,,,,15.27,69.2,home,0,1,15.27,69.2,39.67795987698965
18,,,dbarram,25.98,54.27,jsnyder,0.2,40.29,,,,,,,,home,1,0,0.2,40.29,29.326588618521594
18,,,jsnyder,0.2,40.29,arueda,-7.23,33.61,,,,,,,,home,1,0,-7.23,33.61,9.991361268616004
18,,,arueda,-7.23,33.61,jsnyder,8.86,35.52,,,,,,,,home,1,0,8.86,35.52,16.20296886376074
18,,,jsnyder,8.86,35.52,arueda,16.5,45.54,,,,,,,,home,1,0,16.5,45.54,12.600396819148195
18,,,arueda,16.5,45.54,jsnyder,6.41,51.95,,,,,,,,home,1,0,6.41,51.95,11.953919859192634
18,,,jsnyder,6.41,51.95,arueda,2.11,47.18,,,,,,,,home,1,0,2.11,47.18,6.422063531295843
18,,,arueda,2.11,47.18,dbarram,6.27,41.25,,,,,,,,home,1,0,6.27,41.25,7.243652393647834
18,,,dbarram,6.27,41.25,sradlauer,13.36,59.65,,,,,,,,home,1,0,13.36,59.65,19.71872460378713
18,,,sradlauer,13.36,59.65,dbarram,-1.37,51.68,,,,,,,,home,1,0,-1.37,51.68,16.747949128176856
22,,,dbarram,-1.37,51.68,,,,,,,,,26.66,85.43,home,0,1,26.66,85.43,43.871897611113205
18,,,arueda,6.47,10.43,dbarram,0.75,18.54,,,,,,,,home,1,0,0.75,18.54,9.924238006013358
18,,,dbarram,0.75,18.54,arueda,8.04,27.54,,,,,,,,home,1,0,8.04,27.54,11.58205940236882
18,,,arueda,8.04,27.54,tschaidhe,9.47,39.95,,,,,,,,home,1,0,9.47,39.95,12.492117514656996
18,,,tschaidhe,9.47,39.95,sradlauer,-9.55,36.47,,,,,,,,home,1,0,-9.55,36.47,19.335738930798588
18,,,sradlauer,-9.55,36.47,dbarram,0.47,33.75,,,,,,,,home,1,0,0.47,33.75,10.382620093213466
18,,,dbarram,0.47,33.75,arueda,13.29,37.9,,,,,,,,home,1,0,13.29,37.9,13.474973098303385
18,,,arueda,13.29,37.9,dbarram,1.77,33.68,,,,,,,,home,1,0,1.77,33.68,12.268610353255172
18,,,dbarram,1.77,33.68,sradlauer,-13.1,39.68,,,,,,,,home,1,0,-13.1,39.68,16.03486513819184
18,,,sradlauer,-13.1,39.68,dmcnally,-6.35,48.68,,,,,,,,home,1,0,-6.35,48.68,11.25
18,,,dmcnally,-6.35,48.68,qbuermeye,-2.12,61.56,,,,,,,,home,1,0,-2.12,61.56,13.556817473138748
18,,,qbuermeye,-2.12,61.56,sradlauer,-15.62,65.52,,,,,,,,home,1,0,-15.62,65.52,14.068816581361773
18,,,sradlauer,-15.62,65.52,tschaidhe,-13.24,79.22,,,,,,,,home,1,0,-13.24,79.22,13.905193274456852
18,,,tschaidhe,-13.24,79.22,dmcnally,-17.74,95.86,,,,,,,,home,1,0,-17.74,95.86,17.23773767058775
18,,,dmcnally,-17.74,95.86,arueda,2.25,89.38,,,,,,,,home,1,0,2.25,89.38,21.014054820524287
18,,,arueda,2.25,89.38,dmcnally,8.59,83.31,,,,,,,,home,1,0,8.59,83.31,8.777271785697417
18,,,dmcnally,8.59,83.31,dbarram,0.88,98.52,,,,,,,,home,1,0,0.88,98.52,17.052513011283697
18,,,dbarram,0.88,98.52,dmcnally,-8.46,94.22,,,,,,,,home,1,0,-8.46,94.22,10.2822954635626
18,,,dmcnally,-8.46,94.22,dbarram,-0.07,93.54,,,,,,,,home,1,0,-0.07,93.54,8.417511508753641
19,,,dbarram,-0.07,93.54,ballahdad,-16.71,102.4,,,,,,,,home,1,0,-16.71,102.4,18.851769147748442
18,,,jsaunt,-1.78,43.9,ceustis,-11.19,65.93,,,,,,,,home,1,0,-11.19,65.93,23.95556302824044
18,,,ceustis,-11.19,65.93,hwayte,-10.51,57.34,,,,,,,,home,1,0,-10.51,57.34,8.616872982700862
18,,,hwayte,-10.51,57.34,ballahdad,3.27,60.4,,,,,,,,home,1,0,3.27,60.4,14.115665056950025
18,,,ballahdad,3.27,60.4,qbuermeye,17.11,71.59,,,,,,,,home,1,0,17.11,71.59,17.797800425895336
18,,,qbuermeye,17.11,71.59,jsaunt,13.84,81.68,,,,,,,,home,1,0,13.84,81.68,10.606648858145538
18,,,jsaunt,13.84,81.68,hwayte,-17.6,90.4,,,,,,,,home,1,0,-17.6,90.4,32.6268601002303
18,,,hwayte,-17.6,100.0,jsaunt,-17.61,100.0,,,,,,,,home,1,0,-17.61,100.0,0.00999999999999801
18,,,jsaunt,-17.61,100.0,ballahdad,-17.12,88.09,,,,,,,,home,1,0,-17.12,88.09,11.920075503116578
18,,,ballahdad,-17.12,88.09,ceustis,-5.39,89.72,,,,,,,,home,1,0,-5.39,89.72,11.842710838317382
18,,,ceustis,-5.39,89.72,hwayte,4.09,92.25,,,,,,,,home,1,0,4.09,92.25,9.81179392364108
18,,,hwayte,4.09,92.25,ceustis,10.98,96.47,,,,,,,,home,1,0,10.98,96.47,8.079634892741131
18,,,ceustis,10.98,96.47,zheiden,18.27,97.9,,,,,,,,home,1,0,18.27,97.9,7.428929936404032
18,,,zheiden,18.27,97.9,jsaunt,-6.69,89.72,,,,,,,,home,1,0,-6.69,89.72,26.26621404009341
19,,,jsaunt,-6.69,89.72,zheiden,-13.71,104.38,,,,,,,,home,1,0,-13.71,104.38,16.254107173265467
22,,,ewarner1,14.59,30.61,,,,,,,,,20.73,48.88,home,0,1,20.73,48.88,19.27414070717551
18,,,dbarram,26.32,33.13,dmcnally,-9.48,39.95,,,,,,,,home,1,0,-9.48,39.95,36.443825265742895
18,,,dmcnally,-9.48,39.95,hwayte,-18.49,63.95,,,,,,,,home,1,0,-18.49,63.95,25.635524180324456
18,,,hwayte,-18.49,63.95,dmcnally,-18.56,57.34,,,,,,,,home,1,0,-18.56,57.34,6.610370640138115
18,,,dmcnally,-18.56,57.34,hwayte,-19.24,82.7,,,,,,,,home,1,0,-19.24,82.7,25.369115081137537
18,,,hwayte,-19.24,82.7,sradlauer,-3.89,88.77,,,,,,,,home,1,0,-3.89,88.77,16.50658656415674
18,,,sradlauer,-3.89,88.77,jsnyder,13.02,95.59,,,,,,,,home,1,0,13.02,95.59,18.23349938985932
19,,,jsnyder,13.02,95.59,sradlauer,1.84,101.79,,,,,,,,home,1,0,1.84,101.79,12.784068210080859
18,,,dbarram,25.43,41.31,qbuermeye,23.32,55.36,,,,,,,,home,1,0,23.32,55.36,14.207554328595753
18,,,qbuermeye,23.32,55.36,sradlauer,25.5,59.65,,,,,,,,home,1,0,25.5,59.65,4.812120114876601
18,,,sradlauer,25.5,69.65,dmcnally,12.2,73.22,,,,,,,,home,1,0,12.2,73.22,13.770798814883614
18,,,dmcnally,12.2,73.22,dbarram,1.9,57.68,,,,,,,,home,1,0,1.9,57.68,18.643540436301254
18,,,dbarram,1.9,57.68,jsnyder,7.43,68.59,,,,,,,,home,1,0,7.43,68.59,12.231475789944566
18,,,jsnyder,7.43,68.59,qbuermeye,21.41,87.61,,,,,,,,home,1,0,21.41,87.61,23.605101143608767
18,,,qbuermeye,21.41,87.61,dmcnally,24.0,71.38,,,,,,,,home,1,0,24.0,71.38,16.435358225484475
18,,,dmcnally,24.0,71.38,dbarram,5.04,53.79,,,,,,,,home,1,0,5.04,53.79,25.86290200267557
18,,,kmccracke,8.74,9.75,pjanas,-5.54,22.5,,,,,,,,away,1,0,-5.54,22.5,19.143690866705928
18,,,pjanas,-5.54,22.5,kmccracke,6.99,17.11,,,,,,,,away,1,0,6.99,17.11,13.640124632861681
18,,,kmccracke,6.99,17.11,eshapiro,15.08,35.6,,,,,,,,away,1,0,15.08,35.6,20.182373497683567
18,,,eshapiro,15.08,35.6,kmccracke,18.14,24.97,,,,,,,,away,1,0,18.14,24.97,11.061668047812683
18,,,kmccracke,18.14,24.97,rgretsch,16.53,38.37,,,,,,,,away,1,0,16.53,38.37,13.496373587004769
18,,,rgretsch,16.53,38.37,smcdougal,-10.42,94.36,,,,,,,,away,1,0,-10.42,94.36,62.13841484943111
19,,,smcdougal,0.0,100.0,pjanas,-13.78,102.08,,,,,,,,away,1,0,-13.78,102.08,13.936097014587691
18,,,kmccracke,3.93,3.71,pjanas,1.31,19.07,,,,,,,,away,1,0,1.31,19.07,15.581848414100298
18,,,pjanas,1.31,19.07,rgretsch,-14.87,25.26,,,,,,,,away,1,0,-14.87,25.26,17.323639917754004
18,,,rgretsch,-14.87,25.26,pjanas,-18.51,34.51,,,,,,,,away,1,0,-18.51,34.51,9.940427556196964
19,,,pjanas,-18.51,34.51,eshapiro,-14.8,106.6,,,,,,,,away,1,0,-14.8,106.6,72.18540157123184
18,,,kmccracke,20.47,4.36,pjanas,3.78,12.23,,,,,,,,away,1,0,3.78,12.23,18.452452411535976
18,,,pjanas,3.78,12.23,kmccracke,18.28,12.59,,,,,,,,away,1,0,18.28,12.59,14.504468277051734
22,,,kmccracke,18.28,12.59,,,,,,,,,9.47,29.92,away,0,1,9.47,29.92,19.44080759639373
18,,,kmccracke,0.43,16.23,pjanas,1.89,24.9,,,,,,,,away,1,0,1.89,24.9,8.79207029089281
18,,,pjanas,1.89,24.9,eshapiro,11.51,38.15,,,,,,,,away,1,0,11.51,38.15,16.373970196626107
22,,,eshapiro,11.51,38.15,,,,,,,,,7.57,107.76,away,0,1,7.57,107.76,69.72141493113864
18,,,mdomingue,-22.59,9.83,pjanas,-17.13,13.54,,,,,,,,away,1,0,-17.13,13.54,6.601189286787647
18,,,pjanas,-17.13,13.54,msteiner,-22.88,26.21,,,,,,,,away,1,0,-22.88,26.21,13.913712660537447
22,,,msteiner,-22.88,26.21,,,,,,,,,-22.52,83.88,away,0,1,-22.52,83.88,57.67112362352584
18,,,pjanas,26.01,57.23,ikawaguch,15.15,51.69,,,,,,,,away,1,0,15.15,51.69,12.191439619667564
18,,,ikawaguch,15.15,51.69,msteiner,-4.16,60.36,,,,,,,,away,1,0,-4.16,60.36,21.167073486904137
18,,,msteiner,-4.16,60.36,kgoldberg,-13.05,75.58,,,,,,,,away,1,0,-13.05,75.58,17.62613116937463
18,,,kgoldberg,-13.05,75.58,msteiner,-9.62,71.57,,,,,,,,away,1,0,-9.62,71.57,5.276836173314465
18,,,msteiner,-9.62,71.57,ikawaguch,5.75,67.06,,,,,,,,away,1,0,5.75,67.06,16.01802110124718
18,,,ikawaguch,5.75,67.06,mdomingue,17.41,72.23,,,,,,,,away,1,0,17.41,72.23,12.754783416428522
18,,,mdomingue,17.41,72.23,msteiner,13.18,80.89,,,,,,,,away,1,0,13.18,80.89,9.637868021507657
18,,,msteiner,13.18,80.89,kgoldberg,18.14,88.47,,,,,,,,away,1,0,18.14,88.47,9.058587086295521
18,,,kgoldberg,18.14,88.47,msteiner,19.01,95.6,,,,,,,,away,1,0,19.01,95.6,7.182882429777056
19,,,msteiner,19.01,95.6,ikawaguch,24.26,116.06,,,,,,,,away,1,0,24.26,116.06,21.122833616728613
18,,,pjanas,11.65,1.01,kmccracke,1.53,12.66,,,,,,,,away,1,0,1.53,12.66,15.431684937167425
18,,,kmccracke,1.53,12.66,pjanas,14.35,13.03,,,,,,,,away,1,0,14.35,13.03,12.825338202168394
18,,,pjanas,14.35,13.03,rgretsch,24.48,26.5,,,,,,,,away,1,0,24.48,26.5,16.854014358603116
18,,,rgretsch,24.48,26.5,eshapiro,9.18,37.93,,,,,,,,away,1,0,9.18,37.93,19.098033930224336
18,,,eshapiro,9.18,37.93,smcdougal,24.4,57.23,,,,,,,,away,1,0,24.4,57.23,24.57922700167765
18,,,smcdougal,24.4,57.23,eshapiro,15.73,98.08,,,,,,,,away,1,0,15.73,98.08,41.75992576621754
19,,,eshapiro,0.0,100.0,smcdougal,10.34,106.45,,,,,,,,away,1,0,10.34,106.45,12.186800236321265
18,,,rgretsch,17.7,1.6,pjanas,6.99,11.86,,,,,,,,away,1,0,6.99,11.86,14.831442950704426
18,,,pjanas,6.99,11.86,rgretsch,21.05,11.06,,,,,,,,away,1,0,21.05,11.06,14.082741210432008
18,,,rgretsch,21.05,11.06,bgeorge,13.84,26.86,,,,,,,,away,1,0,13.84,26.86,17.367328522256958
18,,,bgeorge,13.84,26.86,rgretsch,11.22,17.54,,,,,,,,away,1,0,11.22,17.54,9.681260248542026
18,,,rgretsch,11.22,17.54,mkiyoi,24.55,24.61,,,,,,,,away,1,0,24.55,24.61,15.088863442950235
18,,,mkiyoi,24.55,24.61,bgeorge,6.41,37.35,,,,,,,,away,1,0,6.41,37.35,22.166804009599584
18,,,bgeorge,6.41,37.35,smcdougal,13.55,47.83,,,,,,,,away,1,0,13.55,47.83,12.68108828137396
18,,,smcdougal,13.55,47.83,rgretsch,3.2,39.1,,,,,,,,away,1,0,3.2,39.1,13.540140324235935
18,,,rgretsch,3.2,39.1,kmccracke,23.6,47.83,,,,,,,,away,1,0,23.6,47.83,22.18947723584312
18,,,kmccracke,23.6,47.83,mkiyoi,9.98,53.08,,,,,,,,away,1,0,9.98,53.08,14.59681129562207
18,,,mkiyoi,9.98,53.08,rgretsch,1.02,50.31,,,,,,,,away,1,0,1.02,50.31,9.378406047937997
18,,,rgretsch,1.02,50.31,bgeorge,-12.9,57.81,,,,,,,,away,1,0,-12.9,57.81,15.811906905873181
18,,,bgeorge,-12.9,57.81,pjanas,-9.48,47.62,,,,,,,,away,1,0,-9.48,47.62,10.748604560592975
18,,,pjanas,-9.48,47.62,rgretsch,9.25,53.15,,,,,,,,away,1,0,9.25,53.15,19.52930618327236
18,,,rgretsch,9.25,53.15,bgeorge,-1.61,60.14,,,,,,,,away,1,0,-1.61,60.14,12.915095818459886
18,,,bgeorge,-1.61,60.14,pjanas,-7.73,63.34,,,,,,,,away,1,0,-7.73,63.34,6.906113233939914
18,,,pjanas,-7.73,63.34,mkiyoi,-18.0,72.88,,,,,,,,away,1,0,-18.0,72.88,14.017292891282533
18,,,mkiyoi,-18.0,72.88,pjanas,-21.28,90.8,,,,,,,,away,1,0,-21.28,90.8,18.217705673327803
18,,,pjanas,-21.28,90.8,rgretsch,-9.48,98.22,,,,,,,,away,1,0,-9.48,98.22,13.93902435610183
19,,,rgretsch,-9.48,98.22,bgeorge,-15.52,114.53,,,,,,,,away,1,0,-15.52,114.53,17.392461010449328
18,,,smcdougal,-25.14,60.87,msteiner,-15.38,57.37,,,,,,,,away,1,0,-15.38,57.37,10.368587174731184
18,,,msteiner,-15.38,57.37,rgretsch,-9.19,62.76,,,,,,,,away,1,0,-9.19,62.76,8.207813350704317
18,,,rgretsch,-9.19,62.76,apadula,11.87,87.59,,,,,,,,away,1,0,11.87,87.59,32.55844744455731
18,,,kmccracke,17.92,3.27,pjanas,0.43,13.47,,,,,,,,away,1,0,0.43,13.47,20.24697755221752
18,,,pjanas,0.43,13.47,bgeorge,15.15,22.5,,,,,,,,away,1,0,15.15,22.5,17.26902718742431
18,,,bgeorge,15.15,22.5,mkiyoi,2.55,34.51,,,,,,,,away,1,0,2.55,34.51,17.40689805795392
22,,,mkiyoi,2.55,34.51,,,,,,,,,-5.91,72.52,away,0,1,-5.91,72.52,38.94010400602443
18,,,kmccracke,8.96,22.71,eshapiro,13.91,75.21,,,,,,,,away,1,0,13.91,75.21,52.73284081101642
18,,,eshapiro,13.91,75.21,msteiner,16.1,63.2,,,,,,,,away,1,0,16.1,63.2,12.208038335457495
18,,,msteiner,16.1,63.2,pjanas,4.73,61.96,,,,,,,,away,1,0,4.73,61.96,11.437416666363083
18,,,pjanas,4.73,61.96,rgretsch,-15.09,72.96,,,,,,,,away,1,0,-15.09,72.96,22.667871536604398
18,,,rgretsch,-15.09,72.96,eshapiro,-24.12,83.0,,,,,,,,away,1,0,-24.12,83.0,13.503425491333676
18,,,eshapiro,-24.12,83.0,rgretsch,-12.83,76.01,,,,,,,,away,1,0,-12.83,76.01,13.278712286965177
18,,,rgretsch,-12.83,76.01,msteiner,-19.17,87.96,,,,,,,,away,1,0,-19.17,87.96,13.52767903226565
19,,,msteiner,-19.17,87.96,kgoldberg,-24.56,107.54,,,,,,,,away,1,0,-24.56,107.54,20.308335726986602
18,,,rgretsch,22.07,12.59,pjanas,2.91,13.25,,,,,,,,away,1,0,2.91,13.25,19.171364062058807
18,,,pjanas,2.91,13.25,rgretsch,9.83,12.88,,,,,,,,away,1,0,9.83,12.88,6.929884558923042
18,,,rgretsch,9.83,12.88,pjanas,12.16,8.15,,,,,,,,away,1,0,12.16,8.15,5.272741222552081
18,,,pjanas,12.16,8.15,kmccracke,12.89,28.83,,,,,,,,away,1,0,12.89,28.83,20.692880418153486
18,,,kmccracke,12.89,28.83,pjanas,9.76,37.79,,,,,,,,away,1,0,9.76,37.79,9.490969392006278
22,,,pjanas,9.76,37.79,,,,,,,,,22.0,97.86,away,0,1,22.0,97.86,61.30434323928444
18,,,pjanas,16.97,88.39,kmccracke,9.83,84.46,,,,,,,,away,1,0,9.83,84.46,8.15012269846289
18,,,kmccracke,9.83,84.46,pjanas,3.49,86.79,,,,,,,,away,1,0,3.49,86.79,6.754591031291239
18,,,pjanas,3.49,86.79,smcdougal,-11.23,98.95,,,,,,,,away,1,0,-11.23,98.95,19.093035379425658
19,,,smcdougal,-11.23,98.95,bgeorge,-14.58,107.98,,,,,,,,away,1,0,-14.58,107.98,9.631375810339872
18,,,mdomingue,11.58,78.05,apadula,17.99,85.26,,,,,,,,away,1,0,17.99,85.26,9.64739343035206
18,,,apadula,17.99,85.26,zschakner,6.48,87.59,,,,,,,,away,1,0,6.48,87.59,11.743466268525658
18,,,zschakner,6.48,87.59,efinley,-6.2,96.33,,,,,,,,away,1,0,-6.2,96.33,15.40032467190221
18,,,efinley,-6.2,96.33,apadula,-9.7,91.52,,,,,,,,away,1,0,-9.7,91.52,5.948621689097401
19,,,pjanas,7.79,87.52,smcdougal,22.95,102.01,,,,,,,,away,1,0,22.95,102.01,20.97106816545119
18,,,mkiyoi,10.2,20.31,pjanas,7.5,24.02,,,,,,,,away,1,0,7.5,24.02,4.588474692095403
18,,,pjanas,7.5,24.02,rgretsch,22.51,34.95,,,,,,,,away,1,0,22.51,34.95,18.567848556039014
18,,,rgretsch,22.51,34.95,pjanas,17.34,27.08,,,,,,,,away,1,0,17.34,27.08,9.41625190827009
18,,,pjanas,17.34,27.08,kmccracke,13.18,37.28,,,,,,,,away,1,0,13.18,37.28,11.01569788982977
18,,,kmccracke,13.18,37.28,mkiyoi,3.06,27.88,,,,,,,,away,1,0,3.06,27.88,13.812110627995999
18,,,mkiyoi,3.06,27.88,rgretsch,-8.68,25.99,,,,,,,,away,1,0,-8.68,25.99,11.891160582550386
18,,,rgretsch,-8.68,25.99,eshapiro,-22.88,37.71,,,,,,,,away,1,0,-22.88,37.71,18.411909189434976
22,,,eshapiro,-22.88,37.71,,,,,,,,,-13.7,54.39,away,0,1,-13.7,54.39,19.039296205479864
18,,,mdomingue,-25.14,46.38,msteiner,-18.0,32.62,,,,,,,,away,1,0,-18.0,32.62,15.502167590372649
18,,,msteiner,-18.0,32.62,jlee2,4.8,31.67,,,,,,,,away,1,0,4.8,31.67,22.8197830839822
18,,,jlee2,4.8,31.67,ihsu,17.77,42.59,,,,,,,,away,1,0,17.77,42.59,16.95486065999954
18,,,ihsu,17.77,42.59,apadula,8.81,50.38,,,,,,,,away,1,0,8.81,50.38,11.872897708647201
18,,,apadula,8.81,50.38,mdomingue,3.06,47.98,,,,,,,,away,1,0,3.06,47.98,6.23077041785364
18,,,mdomingue,3.06,47.98,msteiner,25.71,56.43,,,,,,,,away,1,0,25.71,56.43,24.174883660526685
18,,,msteiner,25.71,56.43,mdomingue,16.32,51.11,,,,,,,,away,1,0,16.32,51.11,10.792335243125097
18,,,mdomingue,16.32,51.11,apadula,2.47,48.64,,,,,,,,away,1,0,2.47,48.64,14.068525153689707
18,,,apadula,2.47,48.64,msteiner,-6.34,56.43,,,,,,,,away,1,0,-6.34,56.43,11.760110543698133
18,,,msteiner,-6.34,56.43,smcdougal,-17.35,67.93,,,,,,,,away,1,0,-17.35,67.93,15.920744329333356
22,,,smcdougal,-17.35,67.93,,,,,,,,,-26.38,108.78,away,0,1,-26.38,108.78,41.836149440406196
18,,,kmccracke,24.33,26.57,mkiyoi,23.82,41.28,,,,,,,,away,1,0,23.82,41.28,14.718838269374388
18,,,mkiyoi,23.82,41.28,kmccracke,10.41,39.1,,,,,,,,away,1,0,10.41,39.1,13.586040629999603
18,,,kmccracke,10.41,39.1,pjanas,-0.15,37.93,,,,,,,,away,1,0,-0.15,37.93,10.62461764017887
18,,,pjanas,-0.15,37.93,bgeorge,-12.76,49.51,,,,,,,,away,1,0,-12.76,49.51,17.120411794112897
19,,,bgeorge,-12.76,49.51,eshapiro,-22.59,113.3,,,,,,,,away,1,0,-22.59,113.3,64.54295468910607
18,,,kmccracke,17.92,7.49,pjanas,5.82,8.51,,,,,,,,away,1,0,5.82,8.51,12.142915630111247
18,,,pjanas,5.82,8.51,rgretsch,-7.66,16.31,,,,,,,,away,1,0,-7.66,16.31,15.57402966479774
18,,,rgretsch,-7.66,16.31,pjanas,1.38,11.5,,,,,,,,away,1,0,1.38,11.5,10.240004882811334
18,,,pjanas,1.38,11.5,eshapiro,-0.95,87.88,,,,,,,,away,1,0,-0.95,87.88,76.41553048955427
19,,,eshapiro,-0.95,87.88,mkiyoi,11.0,106.67,,,,,,,,away,1,0,11.0,106.67,22.268062331509675
18,,,msteiner,25.64,19.29,kgoldberg,23.97,47.54,,,,,,,,away,1,0,23.97,47.54,28.29931801298399
20,,,kgoldberg,23.97,47.54,jlee2,15.3,86.65,,,,,,,,away,1,0,15.3,86.65,40.05946829402508
18,,,smcdougal,-8.6,9.9,pjanas,-9.4,16.38,,,,,,,,away,1,0,-9.4,16.38,6.529195968877024
18,,,pjanas,-9.4,16.38,smcdougal,-19.02,23.22,,,,,,,,away,1,0,-19.02,23.22,11.803812943282352
18,,,smcdougal,-19.02,23.22,pjanas,-7.8,32.18,,,,,,,,away,1,0,-7.8,32.18,14.358621103713267
18,,,pjanas,-7.8,32.18,smcdougal,-11.95,38.08,,,,,,,,away,1,0,-11.95,38.08,7.213355668480515
18,,,smcdougal,-11.95,38.08,rgretsch,-24.34,50.24,,,,,,,,away,1,0,-24.34,50.24,17.360233293363315
18,,,rgretsch,-24.34,50.24,smcdougal,-17.05,79.22,,,,,,,,away,1,0,-17.05,79.22,29.882846249980936
18,,,smcdougal,-17.05,69.22,pjanas,-5.25,65.31,,,,,,,,away,1,0,-5.25,65.31,12.430933191035981
18,,,pjanas,-5.25,65.31,rgretsch,25.28,73.83,,,,,,,,away,1,0,25.28,73.83,31.696550285480594
18,,,rgretsch,25.28,73.83,pjanas,25.2,78.42,,,,,,,,away,1,0,25.2,78.42,4.590697114818187
18,,,pjanas,25.2,78.42,rgretsch,18.79,76.16,,,,,,,,away,1,0,18.79,76.16,6.796741866512221
18,,,rgretsch,18.79,76.16,kmccracke,1.31,80.97,,,,,,,,away,1,0,1.31,80.97,18.129713180301557
18,,,kmccracke,1.31,80.97,smcdougal,-20.41,87.08,,,,,,,,away,1,0,-20.41,87.08,22.56303392720048
18,,,pjanas,-20.41,87.08,kmccracke,-23.76,80.97,,,,,,,,away,1,0,-23.76,80.97,6.968113087486454
18,,,kmccracke,-23.76,80.97,pjanas,-18.66,73.1,,,,,,,,away,1,0,-18.66,73.1,9.37800085306032
18,,,pjanas,-18.66,73.1,mkiyoi,-25.72,96.69,,,,,,,,away,1,0,-25.72,96.69,24.623803524232404
18,,,pjanas,14.86,16.74,smcdougal,21.27,32.54,,,,,,,,away,1,0,21.27,32.54,17.050750716610693
18,,,smcdougal,21.27,32.54,kmccracke,9.03,24.83,,,,,,,,away,1,0,9.03,24.83,14.465880546997477
18,,,kmccracke,9.03,24.83,pjanas,-13.56,30.8,,,,,,,,away,1,0,-13.56,30.8,23.365551566355116
18,,,pjanas,-13.56,30.8,eshapiro,-24.27,41.5,,,,,,,,away,1,0,-24.27,41.5,15.139157836550881
18,,,eshapiro,-24.27,41.5,pjanas,-11.81,44.27,,,,,,,,away,1,0,-11.81,44.27,12.764188184134547
18,,,pjanas,-11.81,44.27,bgeorge,3.57,54.02,,,,,,,,away,1,0,3.57,54.02,18.210076880672414
18,,,bgeorge,3.57,54.02,mkiyoi,16.32,61.89,,,,,,,,away,1,0,16.32,61.89,14.98330404149899
22,,,mkiyoi,16.32,61.89,,,,,,,,,23.02,90.07,away,0,1,23.02,90.07,28.96553814449163
18,,,pjanas,-7.22,37.13,msteiner,13.84,48.13,,,,,,,,away,1,0,13.84,48.13,23.759705385378833
18,,,msteiner,13.84,48.13,ikawaguch,5.82,57.08,,,,,,,,away,1,0,5.82,57.08,12.017607915055304
18,,,ikawaguch,5.82,57.08,mdomingue,-6.2,57.88,,,,,,,,away,1,0,-6.2,57.88,12.046592879316542
18,,,mdomingue,-6.2,57.88,pjanas,-14.8,62.47,,,,,,,,away,1,0,-14.8,62.47,9.748235737814305
18,,,pjanas,-14.8,62.47,mdomingue,-16.11,73.9,,,,,,,,away,1,0,-16.11,73.9,11.504825074724089
18,,,mdomingue,-16.11,73.9,pjanas,-24.41,78.49,,,,,,,,away,1,0,-24.41,78.49,9.484624399521572
18,,,pjanas,-24.41,78.49,msteiner,-1.03,72.74,,,,,,,,away,1,0,-1.03,72.74,24.07668789514039
18,,,msteiner,-1.03,72.74,bgeorge,19.81,85.19,,,,,,,,away,1,0,19.81,85.19,24.275668888827763
18,,,bgeorge,19.81,85.19,msteiner,0.58,95.82,,,,,,,,away,1,0,0.58,95.82,21.972478239834484
18,,,msteiner,0.58,95.82,mdomingue,-8.68,98.95,,,,,,,,away,1,0,-8.68,98.95,9.774686695746317
18,,,mdomingue,-8.68,98.95,pjanas,-13.34,93.56,,,,,,,,away,1,0,-13.34,93.56,7.125145612547157
20,,,pjanas,-13.34,93.56,zschakner,-13.34,101.43,,,,,,,,away,1,0,-13.34,101.43,7.8700000000000045
18,,,pjanas,-3.79,46.09,msteiner,-18.66,53.08,,,,,,,,away,1,0,-18.66,53.08,16.43097684253739
18,,,msteiner,-18.66,53.08,pjanas,-8.97,47.25,,,,,,,,away,1,0,-8.97,47.25,11.308625026942929
18,,,pjanas,-8.97,47.25,mdomingue,-14.72,52.93,,,,,,,,away,1,0,-14.72,52.93,8.08238207461142
18,,,mdomingue,-14.72,52.93,pjanas,-18.51,59.78,,,,,,,,away,1,0,-18.51,59.78,7.828575860269863
18,,,pjanas,-18.51,59.78,mdomingue,-23.47,78.78,,,,,,,,away,1,0,-23.47,78.78,19.63674107381365
18,,,mdomingue,-23.47,78.78,ikawaguch,-12.61,84.1,,,,,,,,away,1,0,-12.61,84.1,12.093055858632255
18,,,ikawaguch,-12.61,84.1,pjanas,-9.99,76.6,,,,,,,,away,1,0,-9.99,76.6,7.944457187246967
19,,,pjanas,-9.99,76.6,bgeorge,19.38,107.69,,,,,,,,away,1,0,19.38,107.69,42.768972398223454
18,,,pjanas,-0.08,24.97,eshapiro,2.25,32.69,,,,,,,,away,1,0,2.25,32.69,8.06395064469023
18,,,eshapiro,2.25,32.69,kmccracke,11.73,28.61,,,,,,,,away,1,0,11.73,28.61,10.320697650837369
18,,,kmccracke,11.73,28.61,eshapiro,21.05,52.06,,,,,,,,away,1,0,21.05,52.06,25.234200997852103
18,,,eshapiro,21.05,52.06,kmccracke,8.23,47.4,,,,,,,,away,1,0,8.23,47.4,13.640674470127935
18,,,kmccracke,8.23,47.4,rgretsch,-9.33,47.33,,,,,,,,away,1,0,-9.33,47.33,17.56013952108582
18,,,rgretsch,-9.33,47.33,eshapiro,-14.65,61.74,,,,,,,,away,1,0,-14.65,61.74,15.360680323475263
18,,,eshapiro,-14.65,61.74,pjanas,-26.09,77.69,,,,,,,,away,1,0,-26.09,77.69,19.628451288881653
19,,,pjanas,-26.09,77.69,eshapiro,-25.36,108.71,,,,,,,,away,1,0,-25.36,108.71,31.028588430671476
18,,,kgoldberg,18.21,56.79,msteiner,18.5,73.39,,,,,,,,away,1,0,18.5,73.39,16.602532939283694
18,,,msteiner,18.5,73.39,kgoldberg,8.59,74.34,,,,,,,,away,1,0,8.59,74.34,9.955430678780301
18,,,kgoldberg,8.59,74.34,smolitern,5.39,84.1,,,,,,,,away,1,0,5.39,84.1,10.271202461250573
18,,,smolitern,5.39,84.1,apadula,-8.24,83.0,,,,,,,,away,1,0,-8.24,83.0,13.674315339350631
18,,,apadula,-8.24,83.0,kgoldberg,-15.89,82.93,,,,,,,,away,1,0,-15.89,82.93,7.650320254734439
18,,,kgoldberg,-15.89,82.93,smolitern,16.53,84.75,,,,,,,,away,1,0,16.53,84.75,32.47104556370183
18,,,smolitern,16.53,84.75,kgoldberg,4.44,80.53,,,,,,,,away,1,0,4.44,80.53,12.80533092114374
18,,,kgoldberg,4.44,70.53,efinley,-13.41,82.57,,,,,,,,away,1,0,-13.41,82.57,21.531003227903707
18,,,pjanas,5.61,76.89,kmccracke,14.86,76.52,,,,,,,,away,1,0,14.86,76.52,9.257397042365634
18,,,kmccracke,14.86,76.52,smcdougal,5.17,84.32,,,,,,,,away,1,0,5.17,84.32,12.439296603908113
18,,,smcdougal,5.17,84.32,pjanas,-7.51,84.53,,,,,,,,away,1,0,-7.51,84.53,12.681738839764838
18,,,pjanas,-7.51,84.53,kmccracke,-13.7,88.32,,,,,,,,away,1,0,-13.7,88.32,7.258112702349002
18,,,kmccracke,-13.7,88.32,bgeorge,-3.65,92.91,,,,,,,,away,1,0,-3.65,92.91,11.048556466796919
18,,,bgeorge,-3.65,92.91,pjanas,-3.28,88.32,,,,,,,,away,1,0,-3.28,88.32,4.604888706581304
19,,,pjanas,-3.28,88.32,mkiyoi,17.7,103.83,,,,,,,,away,1,0,17.7,103.83,26.090620920169762
18,,,msteiner,12.67,37.79,mdomingue,-1.39,38.95,,,,,,,,away,1,0,-1.39,38.95,14.107770908261873
18,,,mdomingue,-1.39,38.95,msteiner,7.94,36.99,,,,,,,,away,1,0,7.94,36.99,9.533650927110768
18,,,msteiner,7.94,36.99,zschakner,-3.94,35.89,,,,,,,,away,1,0,-3.94,35.89,11.9308172394015
18,,,zschakner,-3.94,35.89,ihsu,-14.94,49.22,,,,,,,,away,1,0,-14.94,49.22,17.282618435873655
18,,,ihsu,-14.94,49.22,smolitern,-5.54,58.32,,,,,,,,away,1,0,-5.54,58.32,13.083195328359201
18,,,smolitern,-5.54,58.32,zschakner,4.73,58.17,,,,,,,,away,1,0,4.73,58.17,10.271095365149717
18,,,zschakner,4.73,58.17,msteiner,-10.28,59.92,,,,,,,,away,1,0,-10.28,59.92,15.111670986360178
18,,,msteiner,-10.28,59.92,tfong,-23.1,72.96,,,,,,,,away,1,0,-23.1,72.96,18.286443065834312
18,,,tfong,-23.1,72.96,msteiner,-25.36,86.65,,,,,,,,away,1,0,-25.36,86.65,13.875290987939687
22,,,msteiner,-25.36,86.65,,,,,,,,,-25.36,110.24,away,0,1,-25.36,110.24,23.58999999999999
18,,,pjanas,-25.72,46.96,eshapiro,13.91,44.49,,,,,,,,away,1,0,13.91,44.49,39.70689864494581
19,,,eshapiro,13.91,44.49,rgretsch,8.16,104.85,,,,,,,,away,1,0,8.16,104.85,60.63325902505983
18,,,pjanas,7.43,13.25,smcdougal,7.35,30.58,,,,,,,,away,1,0,7.35,30.58,17.330184649910684
18,,,smcdougal,7.35,30.58,pjanas,-1.1,32.76,,,,,,,,away,1,0,-1.1,32.76,8.726677489170777
18,,,pjanas,-1.1,32.76,kmccracke,12.96,37.93,,,,,,,,away,1,0,12.96,37.93,14.980403866384911
18,,,kmccracke,12.96,37.93,pjanas,12.31,45.5,,,,,,,,away,1,0,12.31,45.5,7.597854960447719
18,,,pjanas,12.31,45.5,kmccracke,23.16,52.5,,,,,,,,away,1,0,23.16,52.5,12.912106721987701
18,,,kmccracke,23.16,52.5,pjanas,15.59,42.66,,,,,,,,away,1,0,15.59,42.66,12.414930527393219
18,,,pjanas,15.59,42.66,kmccracke,5.24,46.82,,,,,,,,away,1,0,5.24,46.82,11.154734420863637
18,,,kmccracke,5.24,46.82,rgretsch,14.49,57.08,,,,,,,,away,1,0,14.49,57.08,13.814126827273592
18,,,rgretsch,14.49,57.08,smcdougal,26.08,65.31,,,,,,,,away,1,0,26.08,65.31,14.21481621407748
18,,,smcdougal,26.08,65.31,eshapiro,18.43,73.03,,,,,,,,away,1,0,18.43,73.03,10.868343940085811
18,,,eshapiro,18.43,73.03,pjanas,14.13,83.51,,,,,,,,away,1,0,14.13,83.51,11.327859462405069
18,,,pjanas,14.13,83.51,smcdougal,25.2,91.23,,,,,,,,away,1,0,25.2,91.23,13.49604756956643
19,,,smcdougal,25.2,91.23,kmccracke,26.15,106.45,,,,,,,,away,1,0,26.15,106.45,15.249619667388428
18,,,pjanas,-26.09,58.56,mkiyoi,-26.02,46.82,,,,,,,,away,1,0,-26.02,46.82,11.740208686390547
18,,,mkiyoi,-26.02,46.82,pjanas,-21.79,41.43,,,,,,,,away,1,0,-21.79,41.43,6.851642138932827
18,,,pjanas,-21.79,41.43,rgretsch,-1.17,37.57,,,,,,,,away,1,0,-1.17,37.57,20.97817913928661
18,,,rgretsch,-1.17,37.57,eshapiro,3.78,52.06,,,,,,,,away,1,0,3.78,52.06,15.312171629132168
18,,,eshapiro,3.78,52.06,smcdougal,26.01,72.37,,,,,,,,away,1,0,26.01,72.37,30.110944853989555
18,,,smcdougal,26.01,72.37,eshapiro,23.97,87.01,,,,,,,,away,1,0,23.97,87.01,14.781447831657088
18,,,eshapiro,23.97,87.01,pjanas,16.61,96.62,,,,,,,,away,1,0,16.61,96.62,12.104614822455112
19,,,pjanas,16.61,96.62,smcdougal,24.33,108.49,,,,,,,,away,1,0,24.33,108.49,14.159636294764063
18,,,jlee2,16.83,37.35,msteiner,15.66,32.76,,,,,,,,away,1,0,15.66,32.76,4.736771052098679
18,,,msteiner,15.66,32.76,smolitern,5.39,33.71,,,,,,,,away,1,0,5.39,33.71,10.313845063796528
18,,,smolitern,5.39,33.71,kgoldberg,-3.28,37.93,,,,,,,,away,1,0,-3.28,37.93,9.642473748992007
18,,,kgoldberg,-3.28,37.93,jlee2,6.19,98.73,,,,,,,,away,1,0,6.19,98.73,61.53308784710873
19,,,jlee2,6.19,98.73,apadula,7.57,103.61,,,,,,,,away,1,0,7.57,103.61,5.071370623411383
18,,,kmccracke,22.95,15.87,pjanas,11.43,22.28,,,,,,,,away,1,0,11.43,22.28,13.183265907960743
18,,,pjanas,11.43,22.28,eshapiro,-4.45,28.83,,,,,,,,away,1,0,-4.45,28.83,17.177802536995234
18,,,eshapiro,-4.45,28.83,pjanas,-4.74,33.64,,,,,,,,away,1,0,-4.74,33.64,4.818734273644898
18,,,pjanas,-4.74,33.64,eshapiro,5.17,32.62,,,,,,,,away,1,0,5.17,32.62,9.962354139459208
18,,,eshapiro,5.17,32.62,pjanas,-3.79,30.8,,,,,,,,away,1,0,-3.79,30.8,9.14297544566319
18,,,pjanas,-3.79,30.8,eshapiro,-9.48,41.06,,,,,,,,away,1,0,-9.48,41.06,11.732165188063115
18,,,eshapiro,-9.48,41.06,pjanas,-15.09,38.15,,,,,,,,away,1,0,-15.09,38.15,6.319825946970377
18,,,pjanas,-15.09,38.15,kmccracke,-26.09,56.35,,,,,,,,away,1,0,-26.09,56.35,21.26593520163174
18,,,kmccracke,-26.09,56.35,pjanas,-24.78,71.79,,,,,,,,away,1,0,-24.78,71.79,15.49547353261591
18,,,pjanas,-24.78,71.79,kmccracke,-16.47,63.49,,,,,,,,away,1,0,-16.47,63.49,11.745045764065805
18,,,kmccracke,-16.47,63.49,eshapiro,-0.59,65.31,,,,,,,,away,1,0,-0.59,65.31,15.983954454389563
18,,,eshapiro,-0.59,65.31,bgeorge,-7.95,76.96,,,,,,,,away,1,0,-7.95,76.96,13.78013425188593
18,,,bgeorge,-7.95,76.96,smcdougal,-25.07,86.72,,,,,,,,away,1,0,-25.07,86.72,19.706648624258772
18,,,smcdougal,-25.07,86.72,mkiyoi,-24.05,96.69,,,,,,,,away,1,0,-24.05,96.69,10.022040710354354
18,,,mkiyoi,-24.05,96.69,pjanas,-24.34,93.2,,,,,,,,away,1,0,-24.34,93.2,3.502027983897325
18,,,pjanas,-24.34,93.2,mkiyoi,-16.47,92.69,,,,,,,,away,1,0,-16.47,92.69,7.886507465285253
18,,,mkiyoi,-16.47,92.69,rgretsch,-3.58,92.33,,,,,,,,away,1,0,-3.58,92.33,12.895026172908684
22,,,rgretsch,-3.58,92.33,,,,,,,,,13.77,103.76,away,0,1,13.77,103.76,20.776607037723945
18,,,kmccracke,-12.97,52.35,pjanas,-1.17,58.1,,,,,,,,away,1,0,-1.17,58.1,13.12640468673734
18,,,pjanas,-1.17,58.1,mkiyoi,14.86,67.35,,,,,,,,away,1,0,14.86,67.35,18.50738771409947
18,,,mkiyoi,14.86,67.35,pjanas,1.67,62.54,,,,,,,,away,1,0,1.67,62.54,14.039665238174303
18,,,pjanas,1.67,62.54,smcdougal,-15.82,72.52,,,,,,,,away,1,0,-15.82,72.52,20.13704298053714
19,,,smcdougal,-15.82,72.52,kmccracke,-15.45,101.5,,,,,,,,away,1,0,-15.45,101.5,28.982361877528206
18,,,msteiner,-25.94,33.13,ikawaguch,-21.94,21.77,,,,,,,,away,1,0,-21.94,21.77,12.043653930597642
18,,,ikawaguch,-21.94,21.77,msteiner,-18.37,26.06,,,,,,,,away,1,0,-18.37,26.06,5.581128918059499
18,,,msteiner,-18.37,26.06,jlee2,5.02,30.0,,,,,,,,away,1,0,5.02,30.0,23.719521496016736
18,,,jlee2,5.02,30.0,ikawaguch,-6.05,30.58,,,,,,,,away,1,0,-6.05,30.58,11.085183805422444
18,,,ikawaguch,-6.05,30.58,msteiner,-3.21,41.43,,,,,,,,away,1,0,-3.21,41.43,11.215529412381747
18,,,msteiner,-3.21,41.43,smolitern,-13.12,52.86,,,,,,,,away,1,0,-13.12,52.86,15.127888154002198
18,,,smolitern,-13.12,52.86,msteiner,-15.01,62.11,,,,,,,,away,1,0,-15.01,62.11,9.441112222614452
19,,,msteiner,-15.01,62.11,jlee2,-5.11,107.25,,,,,,,,away,1,0,-5.11,107.25,46.2128726655247
18,,,pjanas,16.9,6.84,kmccracke,-1.1,17.33,,,,,,,,away,1,0,-1.1,17.33,20.8336290645677
18,,,kmccracke,-1.1,17.33,pjanas,14.06,23.08,,,,,,,,away,1,0,14.06,23.08,16.213824348376296
18,,,pjanas,14.06,23.08,eshapiro,23.16,32.4,,,,,,,,away,1,0,23.16,32.4,13.025835865693994
18,,,eshapiro,23.16,32.4,pjanas,15.37,37.71,,,,,,,,away,1,0,15.37,37.71,9.427629606640263
18,,,pjanas,15.37,37.71,smcdougal,23.89,58.39,,,,,,,,away,1,0,23.89,58.39,22.366331840514214
18,,,smcdougal,23.89,58.39,rgretsch,11.22,67.71,,,,,,,,away,1,0,11.22,67.71,15.728677630366764
18,,,rgretsch,11.22,67.71,kmccracke,16.83,63.05,,,,,,,,away,1,0,16.83,63.05,7.29298978471792
18,,,kmccracke,16.83,63.05,rgretsch,9.39,59.63,,,,,,,,away,1,0,9.39,59.63,8.188406438373704
18,,,rgretsch,9.39,59.63,pjanas,11.43,75.36,,,,,,,,away,1,0,11.43,75.36,15.861730674803425
18,,,pjanas,11.43,75.36,kmccracke,-7.0,79.0,,,,,,,,away,1,0,-7.0,79.0,18.78601873734826
18,,,kmccracke,-7.0,79.0,rgretsch,-22.45,92.91,,,,,,,,away,1,0,-22.45,92.91,20.789194308582523
22,,,rgretsch,-22.45,92.91,,,,,,,,,-5.11,92.69,away,0,1,-5.11,92.69,17.34139556091147
19,,,pjanas,0.0,30.0,smcdougal,-22.37,114.97,,,,,,,,away,1,0,-22.37,114.97,87.86533901374307
18,,,kmccracke,13.91,13.1,pjanas,2.04,18.56,,,,,,,,away,1,0,2.04,18.56,13.065546295505596
18,,,pjanas,2.04,18.56,rgretsch,6.77,32.76,,,,,,,,away,1,0,6.77,32.76,14.967060499643875
18,,,rgretsch,6.77,32.76,mkiyoi,17.85,47.11,,,,,,,,away,1,0,17.85,47.11,18.129779369865485
18,,,mkiyoi,17.85,47.11,smcdougal,16.02,60.29,,,,,,,,away,1,0,16.02,60.29,13.30643829129343
18,,,smcdougal,16.02,60.29,kmccracke,-0.59,47.98,,,,,,,,away,1,0,-0.59,47.98,20.674336748732717
18,,,kmccracke,-0.59,47.98,bgeorge,-22.3,63.64,,,,,,,,away,1,0,-22.3,63.64,26.768632762993334
18,,,bgeorge,-22.3,63.64,kmccracke,-9.11,63.2,,,,,,,,away,1,0,-9.11,63.2,13.197336852562339
18,,,kmccracke,-9.11,63.2,eshapiro,-13.7,77.98,,,,,,,,away,1,0,-13.7,77.98,15.476320622163396
19,,,eshapiro,-13.7,77.98,smcdougal,-16.47,114.9,,,,,,,,away,1,0,-16.47,114.9,37.02376669114044
