player,player_id,team_id,reset_throws,reset_aec,reset_aec_per_throw,avg_reset_cp,avg_reset_yards
Eric Brodbeck,ebrodbeck,sol,31,0.272140312407741,0.00877871975508842,0.9739500043568609,-3.264516129032258
Daniel Bauman,dbauman,apex,26,0.21672006802604563,0.008335387231770986,0.9823222221916534,-2.5661538461538456
Duncan Fitzgerald,dfitzgera,sol,46,-0.05813600179205411,-0.0012638261259142198,0.9840436202042226,-4.290869565217391
Tynan Sander,tsander,growlers,28,-0.07194139864396853,-0.002569335665856019,0.9814725076971192,-3.7317857142857145
Felix Moren,fmoren,steel,31,-0.16253058506549,-0.005242922098886774,0.9775187413729911,-5.620322580645162
Dexter Clyburn,dclyburn,spiders,42,-0.4360295708087045,-0.010381656447826298,0.973717454568491,-5.005476190476192
Bryce Lozinski,blozinski,growlers,31,-0.38581333633985093,-0.0124455914948339,0.9787285037757597,-3.0025806451612898
Kennith Taylor,ktaylor,hustle,25,-0.31655003089230144,-0.012662001235692057,0.9811633285319931,-3.2556000000000007
Nanda Min-Fink,nminfink,apex,75,-0.9508371978691454,-0.01267782930492194,0.9793632631030967,-3.1741333333333337
Reese Bowman,rbowman,sol,57,-0.7227383446131229,-0.01267962008093198,0.9760697309817697,-6.209298245614035
Jeremy Knopf,jknopf,apex,57,-0.8193735319788515,-0.01437497424524301,0.979565569834122,-4.088596491228071
Daniel Brunker,dbrunker,growlers,39,-0.5770393320364038,-0.014795880308625739,0.9807329898440258,-3.4338461538461544
Aylen Learned,alearned,apex,41,-0.6163860960571037,-0.015033807220904968,0.9811839970627206,-4.671707317073171
Jay Froude,jfroude,apex,27,-0.4112712995157472,-0.015232270352435082,0.9825418771265227,-3.5370370370370363
Alex Piper,apiper,apex,40,-0.641338257403425,-0.016033456435085625,0.9814178939076083,-3.7372500000000004
Jacob Artz,jartz,steel,46,-0.7644649037170375,-0.016618802254718207,0.9813038096283186,-3.7623913043478265
Mason Zetsch,mzetsch,bighorns,33,-0.5513702985291126,-0.016708190864518562,0.9846556586277989,-5.124242424242425
Ryan Flick,rflick,hustle,27,-0.4850491043772103,-0.017964781643600384,0.9827664896596415,-3.5900000000000003
Cullen Baker,cbaker,union,106,-1.9595287226104485,-0.01848612002462687,0.9814874260779002,-4.143207547169811
Khalif El-Salaam,kelsalaam,growlers,41,-0.7735752249617156,-0.01886768841370038,0.9800713701133722,-3.7973170731707317
Matthew Armour,marmour,sol,46,-0.8852123976083108,-0.019243747774093715,0.9765521714909849,-4.73195652173913
Tyler Mackey,tmackey,phoenix,40,-0.7937302079211941,-0.019843255198029854,0.9818342780143929,-4.349500000000001
Cole Petsche,cpetsche,bighorns,57,-1.1481263056730573,-0.020142566766193987,0.9769930650762383,-4.997368421052631
Chad Yorgason,cyorgason,shred,67,-1.3664527736024712,-0.020394817516454795,0.9788127033354715,-6.017164179104477
Sam Kaminsky,skaminsky,union,25,-0.5119888970332543,-0.020479555881330172,0.987340559411398,-5.3596
Quinn Finer,qfiner,apex,34,-0.7122811062132347,-0.020949444300389256,0.9773186993415149,-3.3802941176470576
Kyle Henke,khenke,sol,126,-2.728589578337094,-0.02165547284394519,0.9764690609310098,-5.633968253968254
Timothy Elliott,telliott,apex,80,-1.7563615735130576,-0.02195451966891322,0.9820887646063223,-4.346875
Connor Ughetta,cughetta,havoc,43,-0.9893696581277586,-0.023008596700645548,0.9778181055845327,-5.256744186046512
KJ Koo,kkoo,growlers,49,-1.1492316919053278,-0.023453707998067914,0.9758264695924269,-4.03265306122449
Jordan Kerr,jkerr,shred,70,-1.6554570377648703,-0.02364938625378386,0.9819562237787689,-4.967142857142858
Evan Perry,eperry,bighorns,35,-0.828302396839113,-0.0236657827668318,0.9853515937309828,-4.911428571428572
Andrew Roy,aroy,breeze,67,-1.593449461004932,-0.023782827776193012,0.9650198996136591,-6.177313432835821
Malachi Marshall,mmarshall,thunderbirds,53,-1.2835061607771086,-0.02421709737315299,0.981065461309211,-4.78433962264151
Owen Robinson,orobinson,rush,26,-0.6334874588646369,-0.024364902264024494,0.9822596375483291,-4.936923076923076
Matt Miller,mmiller1,growlers,63,-1.567255381827496,-0.024877069552817394,0.966997379122209,-4.675079365079365
Leo Sovell-Fernandez,lsovellfe,windchill,75,-1.8710259494484733,-0.024947012659312977,0.9811701784711296,-3.8899999999999992
Carter Hawkins,chawkins,alleycats,70,-1.7570600579075106,-0.025100857970107294,0.981751994310368,-4.671428571428572
Tyler Reinhardt,treinhard,havoc,67,-1.6909985665729699,-0.025238784575715968,0.9756484373876524,-4.798955223880597
Hayden Austin-Knab,haustinkn,hustle,105,-2.6571641259484653,-0.025306325009033,0.9787975076086596,-4.546952380952382
David Barram,dbarram,steel,71,-1.8048250713774459,-0.02542007142785135,0.9821086986313805,-4.898309859154929
Cameron Lacy,clacy,windchill,47,-1.1996068508760749,-0.02552355001863989,0.9698286688984407,-4.32127659574468
Matt Bennett,mbennett1,havoc,37,-0.9566185362979812,-0.02585455503508057,0.9696749467188495,-4.662432432432433
McKay Yorgason,myorgason,shred,117,-3.039032550012036,-0.025974637179590053,0.9833220048531903,-4.464358974358974
Austin Taylor,ataylor,hustle,103,-2.698053828855478,-0.02619469736752891,0.9810644767333399,-4.415242718446602
Brandon Van Deusen,bvandeuse,growlers,80,-2.1003579403860133,-0.026254474254825168,0.9771150049723356,-4.943125
Connor Garrison,cgarrison,bighorns,84,-2.2216206491827983,-0.02644786487122379,0.9845763134931618,-5.193690476190476
Jake Felton,jfelton,alleycats,40,-1.0703702046937693,-0.026759255117344234,0.9812910588515338,-5.22875
Solomon Rueschemeyer-Bailey,srueschem,empire,31,-0.8477074330208091,-0.02734540106518739,0.9806697505060125,-5.071290322580645
Noah Coolman,ncoolman,windchill,55,-1.5125293453267565,-0.027500533551395572,0.983800151068392,-3.3234545454545454
Joe Thachet,jthachet,havoc,47,-1.3119038766841404,-0.027912848440088095,0.9849454996287751,-4.017021276595744
Marques Brownlee,mbrownlee,empire,25,-0.7073267322580084,-0.028293069290320334,0.9762118612759493,-5.5384
Leo Gordon,lgordon,spiders,61,-1.748744833792305,-0.02866794809495582,0.9731806878826622,-4.967377049180327
Ethan Holmgren,eholmgren,phoenix,67,-1.9221556151874188,-0.0286888897789167,0.978291006234888,-5.645074626865672
Enzo Forget,eforget,royal,62,-1.7903113524335148,-0.02887598955537927,0.9842908316795196,-3.8085483870967742
Mark Henke,mhenke,sol,65,-1.883730491729969,-0.028980469103537985,0.9818906562126758,-5.734307692307692
Jack Shanahan,jshanahan,union,53,-1.5413680936941723,-0.029082416862154195,0.9818514258681444,-5.641886792452831
Walker Frankenberg,wfrankenb,spiders,46,-1.338616466853743,-0.02910035797508137,0.9719075668725006,-5.179782608695653
Sean Connole,sconnole,hustle,46,-1.3423746204815195,-0.029182056966989552,0.979205712185769,-4.844565217391305
Jacob Miller,jmiller,shred,45,-1.3138078598153589,-0.029195730218119085,0.9822358994776875,-4.650666666666667
Elijah Long,elong,flyers,45,-1.3260241636341719,-0.02946720363631493,0.9669174350906897,-4.629111111111111
Brycen Williams,bwilliams1,bighorns,35,-1.0398006861328364,-0.029708591032366755,0.9832746106260858,-4.902857142857142
Tobias Brooks,tbrooks1,flyers,49,-1.4622666924668368,-0.029842177397282385,0.9779731250717595,-6.0697959183673476
Ethan Sarles,esarles,phoenix,38,-1.1342672053680465,-0.029849136983369644,0.9683756454942999,-4.996315789473684
Greg Cousins,gcousins,windchill,39,-1.1847458674170313,-0.030378099164539263,0.9837958901138233,-4.837948717948717
Adam Miller,amiller1,hustle,100,-3.05551053304322,-0.0305551053304322,0.9777835025664676,-4.524
Colin  White,cwhite1,phoenix,44,-1.3459123321280166,-0.030588916639273104,0.9800278258855191,-5.8527272727272734
Thomas Nye,tnye,phoenix,26,-0.8007325374318929,-0.030797405285842034,0.9817908766486447,-5.953076923076923
Brett Hulsmeyer,bhulsmeye,hustle,64,-1.9715123029284505,-0.03080487973325704,0.9726182895739182,-5.507812500000001
Dmitry Suvorov,dsuvorov,phoenix,27,-0.8360573391724293,-0.0309650866360159,0.9775412752059721,-5.361481481481481
Gagan Chatha,gchatha,rush,30,-0.9296666829982565,-0.030988889433275216,0.9850456584528368,-4.765666666666665
Chase Rawlins,crawlins,phoenix,60,-1.8769153470354567,-0.03128192245059094,0.9780245778545716,-7.238333333333332
Conor Belfield,cbelfield,cascades,73,-2.2979899144331304,-0.03147931389634425,0.9815674935735599,-4.977808219178082
Joey Wylie,jwylie,sol,51,-1.6322620513790658,-0.03200513826233462,0.9793364445933195,-5.296666666666667
Jace Duennebeil,jduennebe,shred,52,-1.6684840398514236,-0.0320862315356043,0.9806685819335133,-4.992307692307692
Evan Swiatek,eswiatek,sol,81,-2.6125457488922743,-0.03225365122089228,0.9786637906936024,-5.818518518518519
Martin Gallant,mgallant,rush,68,-2.200692424345892,-0.03236312388743959,0.9801974645542325,-5.765294117647059
Raphaël Lalonde-Landry,rlalondel,royal,41,-1.3314632473728807,-0.032474713350558064,0.9824604844776086,-3.6717073170731704
Ben Kass-Mullet,bkassmull,cascades,74,-2.432227949141017,-0.03286794525866239,0.9829132456889256,-4.97972972972973
Owen Johnson,ojohnson,sol,33,-1.090402564016695,-0.03304250193989985,0.9782471417099822,-4.967272727272729
Daniel Ritthaler,dritthale,spiders,62,-1.9855185112466573,-0.03309197518744429,0.9817853316272876,-5.293870967741935
Oliver Chartock,ochartock,empire,36,-1.192457217622418,-0.03312381160062272,0.9778531392225595,-5.856388888888889
Araav Sehgal,asehgal,rush,53,-1.7579313970272623,-0.03316851692504268,0.9825970527671691,-5.799811320754717
Emmett Warner,ewarner1,steel,35,-1.1648965213625886,-0.03328275775321682,0.9829290758548581,-3.700571428571428
Sam Jonas,sjonas,empire,42,-1.4102036388011159,-0.03357627711431228,0.9805452634257412,-5.221190476190476
Evan  Magsig,emagsig,spiders,56,-1.8814691024967496,-0.033597662544584815,0.9788614200005388,-5.648392857142857
Emmanuel Bilolo,ebilolo,havoc,25,-0.841926164292298,-0.033677046571691925,0.9836033978342735,-6.3248
William Brandt,wbrandt,windchill,100,-3.375595051077561,-0.03375595051077561,0.9791696595961317,-4.754700000000001
Cole Chanler,cchanler,sol,33,-1.1274426870897307,-0.03416492991181002,0.9794672566104571,-5.548484848484847
Saaketh Palchuru,spalchuru,sol,72,-2.4781376883926924,-0.03441857900545406,0.9818168921489117,-4.620138888888889
Spencer Lofink,slofink,cascades,124,-4.290616836628736,-0.03460174868248981,0.9803555515858406,-4.928629032258065
Quinn Buermeyer,qbuermeye,steel,64,-2.255800268046791,-0.035246879188231106,0.986881147492124,-4.84734375
Gordon Larson,glarson,windchill,97,-3.421575421902828,-0.03527397342167864,0.9830803821169932,-4.63680412371134
Travis Dunn,tdunn,growlers,66,-2.330584737207784,-0.0353118899576937,0.9815663192366667,-5.278333333333333
Brendan Gessner,bgessner,thunderbirds,27,-0.9565830733888679,-0.03542900271810622,0.980516380443473,-6.59777777777778
William St-Pierre,wstpierre,royal,25,-0.8886439689789064,-0.035545758759156255,0.9829119081947826,-4.0796
Clint McSherry,cmcsherry,thunderbirds,33,-1.1764987462750949,-0.03565147715985136,0.9810102235367479,-5.795757575757577
Josh Klane,jklane,windchill,78,-2.7985628145310675,-0.03587901044270599,0.9802570965583691,-5.958846153846154
Pete Zaccardi,pzaccardi,thunderbirds,53,-1.9023381925077156,-0.0358931734435418,0.9826564844485128,-7.7103773584905655
Michael Dillard,mdillard,thunderbirds,74,-2.687055603338053,-0.036311562207270984,0.9798722268284636,-5.62918918918919
Max Pettenuzzo,mpettenuz,rush,83,-3.019410100744478,-0.036378434948728645,0.980586778638987,-5.355421686746988
Grady Richman,grichman,hustle,29,-1.066077387423735,-0.036761289221508106,0.9801955678570009,-5.396896551724137
Noah Celuch,nceluch,thunderbirds,56,-2.06185695641578,-0.03681887422171036,0.9801742458809098,-6.320178571428571
Will Hoffenkamp,whoffenka,thunderbirds,123,-4.539409102331841,-0.036905765059608464,0.9794715692233515,-5.661300813008129
Jeff Weis,jweis,union,60,-2.223688507652317,-0.03706147512753862,0.9837852575911891,-5.159999999999999
Pawel Janas,pjanas,union,94,-3.492200439542524,-0.03715106850577153,0.9836578805616566,-4.358510638297872
Ryan Ward,rward1,thunderbirds,31,-1.1522580396257005,-0.03716961418147421,0.9755580994047083,-5.955806451612903
Seth Faris,sfaris,apex,41,-1.5246273116401676,-0.0371860319912236,0.9801797323783177,-4.201219512195121
Andy Wang,awang,havoc,58,-2.1729395056640746,-0.03746447423558749,0.9839403163519871,-4.92844827586207
Jacques Nissen,jnissen,breeze,67,-2.5151592592237684,-0.037539690436175645,0.9723374182520148,-6.1502985074626855
Kristian Johnson,kjohnson1,windchill,47,-1.7783132141585185,-0.03783645136507486,0.9803945511386389,-5.468510638297872
Mike Campanella,mcampanel,phoenix,57,-2.17045506885725,-0.038078159102758774,0.9833245483991457,-4.813508771929825
Spencer Dillon,sdillon,rush,57,-2.1856227536440835,-0.038344258835861116,0.9838532720168641,-5.222631578947368
Nayland Stuart,nstuart1,bighorns,53,-2.032410748802354,-0.038347372618912336,0.982511198841132,-4.821886792452831
Brayden Morrison,bmorrison,flyers,40,-1.544826557549608,-0.0386206639387402,0.9809877440941659,-4.042999999999998
Ryan Dinger,rdinger,glory,109,-4.22915814048558,-0.03879961596775761,0.9804394392727217,-6.491467889908257
John Marsh,jmarsh1,union,71,-2.785579532803642,-0.039233514546530165,0.9838610555679059,-5.480140845070423
Elliot  Hawkins,ehawkins,alleycats,81,-3.1864965680157673,-0.039339463802663795,0.9767232234767673,-6.543950617283952
Scott Heyman,sheyman,phoenix,47,-1.853633849299672,-0.039439018070205785,0.9775427912957141,-6.504042553191489
Derek Mourad,dmourad,cascades,88,-3.471351591383157,-0.039447177174808605,0.973433536156243,-4.893409090909091
Luke Yorgason,lyorgason,shred,52,-2.059681239234199,-0.03960925460065767,0.9816626992181987,-5.101923076923078
Kevin Pignone,kpignone,flyers,28,-1.1120304492647795,-0.039715373188027835,0.9762980883451137,-5.560357142857143
Allan Laviolette,alaviolet,flyers,36,-1.4376734157356321,-0.039935372659323114,0.9813062609288582,-5.291666666666667
Myles Armstrong,marmstron,sol,41,-1.6416947116853513,-0.04004133443135003,0.9767903173249498,-5.848780487804879
Nathan De Morgan,ndemorgan,windchill,55,-2.202444697338672,-0.04004444904252131,0.9808740583823448,-6.050363636363636
Jack Williams,jwilliams,empire,50,-2.0094745349886285,-0.04018949069977257,0.9800406521404775,-5.2698
Austin Gould,agould,apex,25,-1.006406967725742,-0.040256278709029675,0.9854602473430709,-4.414000000000001
Luc Comire,lcomire,rush,35,-1.4132417820337901,-0.04037833662953686,0.9840401627513763,-5.223142857142857
Tristan Van de Moortele,tvandemoo,windchill,25,-1.0162627843419192,-0.04065051137367677,0.9783841514166005,-4.4395999999999995
Thomas Edmonds,tedmonds,glory,111,-4.532446525005912,-0.04083285157662984,0.9793138706648495,-5.226846846846848
Eric Sjostrom,esjostrom,radicals,49,-2.0027067654523885,-0.04087156664188548,0.9691022887186648,-7.701224489795918
Matt LaBar,mlabar,empire,71,-2.9101968403749985,-0.04098868789260561,0.9801618176146422,-6.2574647887323955
Suhas Madiraju,smadiraju1,flyers,26,-1.0659814708714632,-0.040999287341210125,0.9803579805713295,-3.6776923076923067
Lukas McClamrock,lmcclamro,hustle,38,-1.5586590191566838,-0.041017342609386415,0.9810788042505332,-4.612105263157894
Brendan McCann,bmccann,glory,36,-1.4836952156745105,-0.041213755990958625,0.9794617745313767,-3.928611111111112
Peter Boerth,pboerth,glory,52,-2.144017644231002,-0.04123110854290389,0.9805665679889058,-5.817692307692307
Kai Schniedergers,kschniede,empire,25,-1.0355133062929973,-0.04142053225171989,0.9815548429304115,-6.754000000000001
AJ Merriman,amerriman,breeze,42,-1.7404124045608125,-0.04143839058478125,0.9780066299204515,-6.100476190476191
Kevin Quinlan,kquinlan,royal,57,-2.3642759554165584,-0.041478525533623835,0.9845498856719894,-4.429298245614035
Ezra Beidler-Shenk,ebeidlers,phoenix,83,-3.4445177059214505,-0.04150021332435482,0.9804991079623296,-5.4315662650602405
Paul Krenik,pkrenik,windchill,38,-1.582227436803751,-0.0416375641264145,0.9820599859695442,-5.609473684210526
Avi Ghitterman,aghitterm,alleycats,41,-1.7168966910305783,-0.0418755290495263,0.9814642114474968,-3.709756097560975
Ryan Wolfe,rwolfe,steel,31,-1.3043182993847444,-0.04207478385112079,0.9821414041112837,-4.363548387096775
Reed Browning,rbrowning,shred,44,-1.8639957431943923,-0.04236353961805437,0.9821800164499933,-4.804545454545455
Jeff Maskalunas,jmaskalun,radicals,29,-1.2309735734632052,-0.04244736460217949,0.9754455331710437,-6.644482758620692
John Randolph,jrandolph,empire,49,-2.0838554452793927,-0.042527662148559034,0.9778179312040862,-5.687755102040816
Brandon Dial,bdial,sol,51,-2.173248541286198,-0.042612716495807806,0.9806054804940662,-5.537254901960785
Tony Goss,tgoss,spiders,32,-1.3663514030480186,-0.04269848134525058,0.9836915292247911,-4.733125
Dylan Hawkins,dhawkins,flyers,124,-5.299025246045671,-0.04273407456488445,0.9774458719610954,-7.305322580645162
Jacob Louie,jlouie,flyers,92,-3.9560471953731757,-0.04300051299318669,0.9768842868830497,-4.935652173913044
Andrew Sjogren,asjogren,union,63,-2.7146730229090874,-0.04309004798268393,0.9851587129488967,-5.6242857142857146
Theo Shapinsky,tshapinsk,breeze,42,-1.8222846990635653,-0.04338773093008489,0.9744874296126249,-6.5252380952380955
Cameron Brock,cbrock,alleycats,87,-3.7784874795602277,-0.043430890569657786,0.9826383270493739,-5.365747126436782
Jared Scheinberg,jscheinbe,shred,31,-1.3528613148845756,-0.04364068757692179,0.9826536947726604,-6.087741935483872
Brian Gfroerer,bgfroerer,havoc,60,-2.635960343239521,-0.04393267238732535,0.9836304665341077,-5.528333333333334
Mark Turner,mturner,havoc,86,-3.7829306477888096,-0.0439875656719629,0.9756543709661255,-6.249534883720931
Chander Boyd-Fliegel,cboydflie,spiders,40,-1.7759446000405377,-0.04439861500101344,0.9766583417471105,-6.206
Tommy Li,tli,cascades,38,-1.6905755640417996,-0.04448883063267894,0.9832271870447326,-5.564473684210526
Jayden Feagans,jfeagans,union,39,-1.7386832336100226,-0.044581621374615965,0.9824980818917428,-5.9828205128205125
Benjamin Preiss,bpreiss,union,50,-2.2330648814475165,-0.04466129762895033,0.9831374972452318,-5.134599999999999
Phil Turner,pturner,rush,35,-1.5676532077655185,-0.044790091650443384,0.9842622704508006,-6.109142857142857
Dillon Whited,dwhited,spiders,31,-1.345476957620776,-0.04484923192069253,0.9630663425229788,-4.995806451612903
Will Selfridge,wselfridg,hustle,56,-2.535670957464101,-0.04527983852614466,0.9805390101954005,-4.692321428571427
Dylan Best,dbest,thunderbirds,52,-2.3659754724651347,-0.04549952831663721,0.979280251127274,-5.78
Nathanael Le Marois,nlemarois,royal,25,-1.1391781956242868,-0.04556712782497147,0.9821572925400354,-3.8944
John McMonigal,jmcmoniga,thunderbirds,25,-1.1407014011718042,-0.045628056046872166,0.9824126084911938,-5.5920000000000005
Ian McCosky,imccosky,radicals,105,-4.80346673519068,-0.04574730223991124,0.9669048725678312,-5.471619047619048
Christophe Tremblay-Joncas,ctremblay,royal,56,-2.5753715072363117,-0.04598877691493414,0.9840158311553493,-5.165714285714286
Malik Auger-Semmar,maugersem,royal,70,-3.224180903488946,-0.046059727192699226,0.9822780460916901,-5.457714285714286
Oscar Brown,obrown,shred,26,-1.1978283396298837,-0.04607032075499552,0.981870219703909,-5.241538461538463
Ryan Poloz,rpoloz,rush,76,-3.5086170129013583,-0.04616601332764945,0.9814903001531121,-5.981052631578947
Steven Kelly,skelly,havoc,25,-1.154447471078974,-0.04617789884315896,0.9830512512003886,-5.031199999999999
Michael Poe,mpoe,hustle,28,-1.2931147674821513,-0.046182670267219686,0.9779779779659253,-5.165357142857144
Jason Vallee,jvallee,spiders,62,-2.864226655516127,-0.04619720412122786,0.9811138315606637,-5.412258064516129
Adam McNichols,amcnichol,steel,63,-2.935128851211616,-0.04658934684462883,0.9822276812361433,-4.390317460317461
Xavier Fuzat,xfuzat,havoc,98,-4.5671188460661565,-0.04660325353128731,0.9820238758323849,-5.589591836734694
Sean Mott,smott,breeze,82,-3.836170116570553,-0.04678256239720186,0.9763649368099755,-5.705365853658537
Robin Vickers Batzdorf,rvickersb,spiders,36,-1.686755765345342,-0.04685432681514839,0.9827668099019858,-3.785555555555556
Itay Chang,ichang,spiders,38,-1.7968084207502875,-0.04728443212500757,0.981500913252082,-5.359473684210527
Ben Thoennes,bthoennes,steel,51,-2.420154362356605,-0.04745400710503147,0.9818365314868203,-5.48078431372549
Jonathan Mast,jmast,alleycats,57,-2.707719903412489,-0.047503857954605065,0.972878792702936,-5.123684210526316
Arthur Carne,acarne,radicals,31,-1.483632731594534,-0.047859120374017225,0.9742957893405867,-6.240967741935484
Max Devine,mdevine,union,54,-2.598808064003595,-0.04812607525932583,0.9814035007788727,-6.237037037037037
Jakob Brissette,jbrissett,royal,55,-2.660031088140871,-0.048364201602561295,0.9847261082364713,-4.780363636363637
Zach Singer,zsinger,glory,42,-2.041124494691933,-0.04859820225456984,0.9645070709267836,-4.204999999999999
Jimmy Zuraw,jzuraw,havoc,66,-3.2252204294351223,-0.04886697620356246,0.9841312139585295,-6.047878787878788
Camden Mah,cmah,bighorns,69,-3.383335531255899,-0.049033848279071,0.9846947126344124,-4.5807246376811595
Marc Munoz,mmunoz,cascades,35,-1.7224261609541125,-0.04921217602726036,0.9858114606040745,-5.030285714285713
Eugene L'Heureux,elheureux,shred,25,-1.2414580534048412,-0.049658322136193644,0.984700198296624,-4.982
Anton Orme,aorme,spiders,28,-1.3950007274872305,-0.049821454553115374,0.978815788514574,-5.486428571428571
Mikey O'Brien,mobrien2,cascades,27,-1.3534979708576125,-0.05012955447620787,0.9832971289237689,-7.18148148148148
Sam Stark,sstark,radicals,39,-1.9646799157314108,-0.0503764080956772,0.9751126298009081,-7.346666666666669
Ben Ashton,bashton,shred,65,-3.277422914350443,-0.05042189099000682,0.9829543129344072,-5.39276923076923
Raekwon Adkins,radkins,spiders,30,-1.5129825384230766,-0.05043275128076922,0.9835517190489134,-5.7509999999999994
Hunter May,hmay,apex,26,-1.3192910724858091,-0.05074196432637727,0.982146073594849,-4.878076923076923
Evan Bembenista,ebembenis,rush,39,-1.9813004968755894,-0.05080257684296383,0.9844399998051611,-5.361025641025642
Walker Matthews,wmatthews,flyers,40,-2.0394326332482056,-0.050985815831205136,0.9788420298274308,-6.351500000000001
Braden Eberhard,beberhard,empire,68,-3.4902253473954032,-0.05132684334405005,0.9802270652151975,-6.536470588235294
Christian Belus,cbelus,flyers,31,-1.5935705385343721,-0.051405501243044265,0.965994352877242,-4.910322580645162
Lukas Ambrose,lambrose,windchill,39,-2.005213967318832,-0.05141574275176492,0.9796266402371129,-5.176410256410256
Benjamin Sadok,bsadok,glory,40,-2.08663374615651,-0.05216584365391275,0.9819316283562456,-5.28525
Jimmy Towle,jtowle,thunderbirds,31,-1.6177113878213887,-0.05218423831681899,0.981229645469226,-6.284838709677419
Reid Duncan,rduncan,thunderbirds,45,-2.3574399323367143,-0.052387554051926986,0.9799394681009554,-5.954888888888889
Christian Boxley,cboxley,breeze,60,-3.143501602775587,-0.05239169337959312,0.9778925584663551,-6.811833333333333
Matt Russnogle,mrussnogl,shred,34,-1.7821609036846302,-0.05241649716719501,0.9814164687457619,-5.80735294117647
Kelsen Alexander,kalexande,radicals,32,-1.6802423037714065,-0.05250757199285645,0.9765822065091845,-5.3959375
Sofiène Bontemps,sbontemps,alleycats,38,-1.996474568296101,-0.05253880442884476,0.9789242541654619,-6.602368421052631
Will Turner,wturner,growlers,30,-1.5839722946275665,-0.05279907648758555,0.9782043282526806,-3.567666666666667
James Shorey,jshorey,bighorns,44,-2.3241578462785166,-0.05282176923360265,0.9852813141033923,-5.933181818181817
Victor Luo,vluo,radicals,27,-1.4351135100737131,-0.05315235222495234,0.9783908282105985,-6.7162962962962975
Nicholas DiGiorgio,ndigiorgi,phoenix,39,-2.090026692920154,-0.05359042802359369,0.9788344902567866,-5.726410256410256
Zac Scheuerman,zscheuerm,steel,38,-2.0396956392242953,-0.0536762010322183,0.9814156117255992,-5.29078947368421
Gabe Dowd,gdowd,breeze,35,-1.8789125411821865,-0.05368321546234819,0.9778626305117826,-5.865142857142857
Ben Lewis,blewis,havoc,36,-1.940587360597944,-0.053905204461054,0.9758707746581403,-7.740277777777777
Mark Baldauf,mbaldauf,havoc,41,-2.219617835337824,-0.05413702037409327,0.9801090990850381,-6.050487804878049
Miles  Grovic,mgrovic,breeze,33,-1.7959356650462748,-0.05442229288019015,0.9758469223707097,-6.561515151515152
Noah Furrh,nfurrh,havoc,49,-2.672095735414629,-0.05453256602886997,0.9825652974791032,-6.869591836734694
Orion Cable,ocable,glory,28,-1.5320195386855398,-0.05471498352448356,0.9803638916242792,-6.122857142857143
Archer Gordon,agordon,steel,39,-2.1374032584326303,-0.05480521175468283,0.9702786411301344,-5.887435897435898
Xavier Payne,xpayne,alleycats,39,-2.1533280367013905,-0.05521353940259976,0.9785463125087523,-6.377692307692308
Michael Finke,mfinke,union,51,-2.8245317269272525,-0.055382975037789266,0.9837771220028452,-6.267843137254903
Chris Wilson,cwilson,bighorns,35,-1.9854703774079592,-0.056727725068798834,0.980379668362679,-5.722285714285714
Oscar Graff,ograff,glory,84,-4.771656396446962,-0.056805433291035254,0.9807828228060503,-5.4714285714285715
Bryan Vohnoutka,bvohnoutk,windchill,38,-2.16593099275785,-0.05699818401994342,0.9839585965862087,-5.407368421052632
Tobe Decraene,tdecraene,glory,127,-7.346678292097776,-0.05784786056769902,0.9814372658374257,-6.264015748031496
Brandon Pastor,bpastor,phoenix,35,-2.0275745633746554,-0.05793070181070444,0.9805719197070965,-6.508285714285714
Jacob Cowan,jcowan,empire,51,-2.9586770522562142,-0.058013275534435575,0.9790171373914405,-7.742156862745098
Alex Atkins,aatkins,empire,79,-4.58541462142153,-0.05804322305596874,0.9759617968837024,-7.90379746835443
Simon Dastrup,sdastrup,shred,49,-2.8630025406763973,-0.05842862327911015,0.9813629066876274,-6.353469387755102
Ben Jagt,bjagt,empire,48,-2.805023592105326,-0.05843799150219429,0.9817894628209175,-7.520208333333334
Philippe Le Bourdais,plebourda,royal,26,-1.5319032081940176,-0.05891935416130837,0.9850375679555612,-5.927692307692307
Alec Wilson Holliday,awilsonho,hustle,50,-2.95831450184433,-0.0591662900368866,0.9820980716037616,-5.903
Nico Ranabhat,nranabhat,radicals,109,-6.522838379323,-0.05984255393874312,0.977451037184568,-6.0488073394495405
Zeke Thoreson,zthoreson,flyers,43,-2.5834908388451345,-0.060081182298724056,0.9792825145398376,-7.106046511627907
Gabe Vordick,gvordick,radicals,119,-7.153937125400762,-0.06011711870084674,0.9757636536653123,-6.409915966386555
Nate Knutson,nknutson,steel,70,-4.2201772725310445,-0.060288246750443496,0.9840514807586498,-5.292714285714286
Garrett Martin,gmartin1,cascades,55,-3.3352198429377977,-0.060640360780687234,0.9826714570466113,-5.802181818181818
Benen Shea,bshea,apex,46,-2.791532884608294,-0.06068549749148465,0.9823955318635321,-6.42195652173913
Sebastián,sebastian,bighorns,32,-1.9430619600781929,-0.06072068625244353,0.9817241215089276,-5.466875
Alex Davis,adavis4,empire,27,-1.6410361942749387,-0.06077911830647921,0.978679001654212,-7.323703703703704
Jeremiah Branson,jbranson,alleycats,42,-2.5884082719564727,-0.061628768379916016,0.9820191251431467,-5.642619047619048
Kainoa Chun-Moy,kchunmoy,radicals,43,-2.6579132337486917,-0.06181193566857423,0.9792348110036103,-6.206279069767442
Steven Milardovich,smilardov,growlers,28,-1.7341806587494213,-0.06193502352676505,0.9756019900109807,-4.278214285714285
William Wettengel,wwettenge,alleycats,49,-3.0631642069756158,-0.06251355524440032,0.9794620463949226,-5.9189795918367345
Justin Podnar,jpodnar,rush,38,-2.3830204794482595,-0.06271106524863841,0.9821251610142298,-7.032631578947367
Seth Gudeman,sgudeman,alleycats,60,-3.7944796676992154,-0.06324132779498692,0.9781773254459409,-7.399333333333334
Benjamin Simmons,bsimmons,empire,42,-2.684112579362358,-0.06390744236577042,0.9742429159620232,-6.190714285714287
Wilson Matthews,wmatthews1,union,73,-4.689190793509189,-0.06423549032204369,0.9830852031430012,-6.206849315068493
Gavin Leahy,gleahy,cascades,39,-2.5288768710369287,-0.06484299669325458,0.9804026697891164,-6.875641025641025
Noah Hanson,nhanson,windchill,35,-2.2809822578719228,-0.06517092165348351,0.9799703983864948,-5.318857142857142
Jacob Fairfax,jfairfax,flyers,71,-4.6284567986518175,-0.06518953237537771,0.9789746995280842,-7.08169014084507
Daan De Marrée,ddemarre,empire,53,-3.4832785175281575,-0.06572223617977656,0.9741168866348515,-8.081886792452831
Henry Goldenberg,hgoldenbe,union,45,-2.9664374373670492,-0.06592083194148998,0.9682544555900869,-5.358222222222221
Ian Sweeney,isweeney,cascades,29,-1.912557866033019,-0.0659502712425179,0.958899964677071,-5.338275862068966
Max Sample,msample,radicals,36,-2.4048257925404544,-0.06680071645945707,0.9778254125594236,-6.547777777777778
Jeff Babbitt,jbabbitt,glory,33,-2.2158669159144173,-0.06714748230043689,0.9691427823904281,-5.815757575757575
Coby Loveranes,cloverane,breeze,35,-2.3933792630530317,-0.06838226465865804,0.9761033688246071,-7.40457142857143
Grayson Sanner,gsanner,flyers,46,-3.213855275235645,-0.06986641902686185,0.9758003465613959,-5.897608695652174
Cole Davis-Brand,cdavisbra,glory,37,-2.639442392122061,-0.0713362808681638,0.9807106867727672,-6.021351351351353
Alex Forsberg,aforsberg,shred,25,-1.809762791000387,-0.07239051164001548,0.9786421022481322,-6.1156
Anthony Gutowsky,agutowsky,radicals,25,-1.8172087656590497,-0.07268835062636199,0.9810235904277228,-6.913200000000001
Nicholas Whitlock,nwhitlock,empire,27,-1.96942762192333,-0.07294176377493815,0.9784139496703618,-5.0233333333333325
Simon Carapella,scarapell,glory,66,-4.859717079485909,-0.07363207696190771,0.9784652379804877,-7.300151515151515
Jeff Wodatch,jwodatch1,breeze,34,-2.50595641201524,-0.07370460035338941,0.9771208888433203,-8.316470588235294
Rowan McDonnell,mmcdonnel,glory,61,-4.588911485954941,-0.07522805714680231,0.9792920995288863,-5.776721311475409
Lucas Storm,lstorm,thunderbirds,54,-4.203747195949185,-0.07784717029535528,0.9791552960368521,-6.8001851851851844
Ian Decker,idecker,bighorns,39,-3.1355366668959808,-0.08039837607425591,0.9679266380750935,-6.196410256410256
Mitchell McCarthy,mmccarthy,radicals,39,-3.160293498256499,-0.08103316662196151,0.9740271850939564,-7.654871794871795
Pieran Robert,rpieran,radicals,36,-2.9719323450544306,-0.08255367625151196,0.9735678181965512,-5.567777777777778
David Snead,dsnead,bighorns,45,-3.730478269219599,-0.08289951709376886,0.9743130485191028,-5.228888888888889
Suraj Madiraju,smadiraju,flyers,28,-2.359851802483835,-0.08428042151727981,0.9781649283276775,-6.451428571428572
Andrew Thai,athai,hustle,32,-2.825124109189787,-0.08828512841218085,0.9800098643179963,-7.663124999999999
Adam Park,apark,bighorns,27,-2.809797318857371,-0.1040665673650878,0.9844096205913906,-4.707407407407407
