game_id,GameID,PlayerID,full_name,FirstName,LastName,TeamID,JerseyNumber,Year,Assists,Goals,HockeyAssists,Completions,ThrowAttempts,Throwaways,Stalls,CallahansThrown,YardsReceived,YardsThrown,Catches,Drops,Blocks,Callahans,Pulls,OBPulls,RecordedPulls,RecordedPullsHangtime,OPointsPlayed,OPointsScored,DPointsPlayed,DPointsScored,SecondsPlayed,lag_contribution,xcp,cpoe_completions,cpoe_attempts,cpoe,throws_dropped,thrower_aec,receiver_aec,total_aec,offensive_possessions,offensive_possessions_involved,offensive_possessions_scored,defensive_possessions,defensive_possessions_stopped,completion_percentage,team_total_aec,player_impact,total_possession_aec,player_impact_possession,hucks_thrown,hucks_completed,hucks_dropped,hucks_caught,connections,huck_completion_percentage,huck_attempt_percentage,OE,DE,turnovers,win_probability_added,insert_timestamp,home_team_id,away_team_id,home_score,away_score,status,start_timestamp,throw_attempts_for_rate,thrower_aec_per_throw,total_aec_per_throw,lag_contribution_per_throw
2026-06-20-PHI-BOS,2026-06-20-PHI-BOS,ayuan,Albert Yuan,Albert,Yuan,glory,32,2026,1,1,0,7,9,2,0,0,111,99,8,0,0,0,0,0,0,0,9,9,5,1,2605,0.826298856412625,0.862556475091734,7.0,9.0,-0.0847786973139559,0.0,-1.18509421808939,1.19468403633967,0.0095898182502776,15,7.0,10,13,4,0.777777777777778,56.7356091794996,0.0169026443691429,9.50589998346737,0.100882801912036,1,0,0,,"[{""Receiver"": ""bsadok"", ""num_targets"": 1.0, ""num_possessions"": 0.0, ""target_aec"": 0.129583518305116}, {""Receiver"": ""tdecraene"", ""num_targets"": 3.0, ""num_possessions"": 0.0, ""target_aec"": 0.2977068877913467}, {""Receiver"": ""tedmonds"", ""num_targets"": 3.0, ""num_possessions"": 0.0, ""target_aec"": -0.2253401564150079}]",0.0,0.111111111111111,0.666666666666667,0.307692307692308,0,0.0825,2026-06-21 01:13:17,glory,phoenix,30,14,Final,2026-06-20 19:00:00,9,-0.13167713534326556,0.0010655353611419556,0.09181098404584723
2026-06-20-PHI-BOS,2026-06-20-PHI-BOS,bmccann,Brendan McCann,Brendan,McCann,glory,13,2026,2,1,0,14,14,0,0,0,55,64,13,0,0,0,1,0,1,0,0,0,15,4,2174,0.76342582923267,0.979625269493447,14.0,14.0,0.0203747305065528,0.0,1.43183633808472,0.991469014840097,2.42330535292482,11,6.0,10,14,12,1.0,56.7356091794996,4.27122469991992,9.59565065583206,25.2542056796532,0,0,0,,"[{""Receiver"": ""cparinell"", ""num_targets"": 1.0, ""num_possessions"": 0.0, ""target_aec"": 0.743332299418963}, {""Receiver"": ""ghaflin"", ""num_targets"": 1.0, ""num_possessions"": 0.0, ""target_aec"": 0.0535543462461588}, {""Receiver"": ""jtapper"", ""num_targets"": 1.0, ""num_possessions"": 0.0, ""target_aec"": 0.0423843436013768}, {""Receiver"": ""ograff"", ""num_targets"": 9.0, ""num_possessions"": 0.0, ""target_aec"": 0.5548311755319291}, {""Receiver"": ""zsinger"", ""num_targets"": 2.0, ""num_possessions"": 0.0, ""target_aec"": 0.037734173286297204}]",,0.0,0.909090909090909,0.857142857142857,0,0.0335,2026-06-21 01:13:17,glory,phoenix,30,14,Final,2026-06-20 19:00:00,14,0.10227402414890858,0.17309323949463,0.054530416373762144
2026-06-20-PHI-BOS,2026-06-20-PHI-BOS,bpastor,Brandon Pastor,Brandon,Pastor,phoenix,1,2026,0,0,0,1,1,0,0,0,12,21,1,0,0,0,0,0,0,0,6,5,2,0,1946,0.0,0.936273233583878,1.0,1.0,0.063726766416122,0.0,0.162522351238881,0.094559188106084,0.257081539344965,9,1.0,2,9,4,1.0,27.33618338637,0.940444156784329,-1.95395787160456,0.0,0,0,0,,"[{""Receiver"": ""jwisner"", ""num_targets"": 1.0, ""num_possessions"": 0.0, ""target_aec"": 0.162522351238881}]",,0.0,0.222222222222222,0.444444444444444,0,0.0,2026-06-21 01:13:17,glory,phoenix,30,14,Final,2026-06-20 19:00:00,1,0.162522351238881,0.257081539344965,0.0
2026-06-20-PHI-BOS,2026-06-20-PHI-BOS,bsadok,Benjamin Sadok,Benjamin,Sadok,glory,3,2026,1,1,1,10,10,0,0,0,36,158,4,0,0,0,0,0,0,0,10,10,1,0,2497,0.86940671470148,0.897026352449506,10.0,10.0,0.102973647550494,0.0,1.98708091859598,0.643899470681914,2.63098038927789,13,9.0,11,6,1,1.0,56.7356091794996,4.63726472197385,11.8936478511079,22.1208868987392,2,2,0,,"[{""Receiver"": ""ayuan"", ""num_targets"": 2.0, ""num_possessions"": 0.0, ""target_aec"": 0.2526114308810706}, {""Receiver"": ""rdinger"", ""num_targets"": 5.0, ""num_possessions"": 0.0, ""target_aec"": 0.2763290197514792}, {""Receiver"": ""rdunkerle"", ""num_targets"": 2.0, ""num_possessions"": 0.0, ""target_aec"": 1.416574971224446}, {""Receiver"": ""tdecraene"", ""num_targets"": 1.0, ""num_possessions"": 0.0, ""target_aec"": 0.0415654967389802}]",1.0,0.2,0.846153846153846,0.166666666666667,0,0.2175,2026-06-21 01:13:17,glory,phoenix,30,14,Final,2026-06-20 19:00:00,10,0.19870809185959798,0.263098038927789,0.086940671470148
2026-06-20-PHI-BOS,2026-06-20-PHI-BOS,cdavisbra,Cole Davis-Brand,Cole,Davis-Brand,glory,22,2026,0,0,1,5,5,0,0,0,10,13,3,0,0,0,0,0,0,0,1,1,6,1,1195,0.856665656688904,0.97864887729873,5.0,5.0,0.02135112270127,0.0,0.167539666443163,0.214614969757512,0.382154636200675,7,4.0,6,7,6,1.0,56.7356091794996,0.673571045992681,5.37613503059283,7.10835263671817,0,0,0,,"[{""Receiver"": ""mmcdonnel"", ""num_targets"": 1.0, ""num_possessions"": 0.0, ""target_aec"": 0.0360914071269647}, {""Receiver"": ""ograff"", ""num_targets"": 2.0, ""num_possessions"": 0.0, ""target_aec"": 0.051878482740999696}, {""Receiver"": ""zsinger"", ""num_targets"": 2.0, ""num_possessions"": 0.0, ""target_aec"": 0.0795697765751988}]",,0.0,0.857142857142857,0.857142857142857,0,0.0165,2026-06-21 01:13:17,glory,phoenix,30,14,Final,2026-06-20 19:00:00,5,0.0335079332886326,0.076430927240135,0.1713331313377808
2026-06-20-PHI-BOS,2026-06-20-PHI-BOS,clevine,Cam Levine,Cam,Levine,glory,18,2026,0,2,1,4,5,1,0,0,96,19,7,0,0,0,0,0,0,0,10,10,1,1,2605,0.341889417579196,0.927808688338273,4.0,5.0,-0.127808688338273,0.0,-0.369844043929598,1.24389908804,0.874055044110403,13,7.0,11,6,1,0.8,56.7356091794996,1.54057576317737,12.839363447831,6.80761976761444,1,1,0,,"[{""Receiver"": ""tdecraene"", ""num_targets"": 4.0, ""num_possessions"": 0.0, ""target_aec"": 0.3976938579324874}]",1.0,0.2,0.846153846153846,0.166666666666667,0,-0.0394999999999999,2026-06-21 01:13:17,glory,phoenix,30,14,Final,2026-06-20 19:00:00,5,-0.0739688087859196,0.17481100882208062,0.0683778835158392
2026-06-20-PHI-BOS,2026-06-20-PHI-BOS,cparinell,Chris Parinella,Chris,Parinella,glory,0,2026,1,4,1,9,9,0,0,0,137,42,12,0,0,0,0,0,0,0,1,1,21,5,2561,1.81472735023873,0.977043340890232,9.0,9.0,0.0229566591097681,0.0,0.671347571684456,3.1665170349933,3.83786460667776,17,10.0,13,24,20,1.0,56.7356091794996,6.76447236961104,10.89992689481,35.2100031836466,0,0,0,,"[{""Receiver"": ""jtapper"", ""num_targets"": 1.0, ""num_possessions"": 0.0, ""target_aec"": 0.0105594598003673}, {""Receiver"": ""mmcdonnel"", ""num_targets"": 2.0, ""num_possessions"": 0.0, ""target_aec"": -0.003838657973122099}, {""Receiver"": ""ograff"", ""num_targets"": 4.0, ""num_possessions"": 0.0, ""target_aec"": 0.6322915411376975}, {""Receiver"": ""tdecraene"", ""num_targets"": 1.0, ""num_possessions"": 0.0, ""target_aec"": -0.0313440832671329}, {""Receiver"": ""tjohnson1"", ""num_targets"": 1.0, ""num_possessions"": 0.0, ""target_aec"": 0.0636793119866463}]",,0.0,0.764705882352941,0.833333333333333,0,0.003,2026-06-21 01:13:17,glory,phoenix,30,14,Final,2026-06-20 19:00:00,9,0.07459417463160622,0.42642940074197333,0.20163637224874778
2026-06-20-PHI-BOS,2026-06-20-PHI-BOS,crawlins,Chase Rawlins,Chase,Rawlins,phoenix,85,2026,3,0,0,20,24,4,0,0,152,389,20,0,0,0,0,0,0,0,18,14,6,0,2605,-0.75962784699791,0.904870336821929,20.0,24.0,-0.071537003488596,0.0,0.0189548288786171,1.31617953004024,1.33513435891885,24,16.0,9,19,1,0.833333333333333,27.33618338637,4.8841286292532,0.514710563985588,100.0,4,1,0,1.0,"[{""Receiver"": ""cwhite1"", ""num_targets"": 2.0, ""num_possessions"": 0.0, ""target_aec"": 0.40329972339728803}, {""Receiver"": ""ebeidlers"", ""num_targets"": 6.0, ""num_possessions"": 0.0, ""target_aec"": 0.36697487095547754}, {""Receiver"": ""esarles"", ""num_targets"": 3.0, ""num_possessions"": 0.0, ""target_aec"": 0.5224950575913673}, {""Receiver"": ""ndigiorgi"", ""num_targets"": 3.0, ""num_possessions"": 0.0, ""target_aec"": 0.6428800623261378}, {""Receiver"": ""oerdman"", ""num_targets"": 2.0, ""num_possessions"": 0.0, ""target_aec"": 0.274411129014392}, {""Receiver"": ""sheyman"", ""num_targets"": 2.0, ""num_possessions"": 0.0, ""target_aec"": 0.3111756239229355}, {""Receiver"": ""tmackey"", ""num_targets"": 2.0, ""num_possessions"": 0.0, ""target_aec"": 0.0709264201744379}]",0.25,0.166666666666667,0.375,0.0526315789473684,0,0.7005,2026-06-21 01:13:17,glory,phoenix,30,14,Final,2026-06-20 19:00:00,24,0.0007897845366090458,0.05563059828828542,-0.031651160291579584
2026-06-20-PHI-BOS,2026-06-20-PHI-BOS,cwhite1,Colin  White,Colin ,White,phoenix,3,2026,1,1,0,11,13,2,0,0,135,121,12,0,0,0,0,0,0,0,18,14,5,0,2677,-1.23437542530586,0.953815845708991,11.0,13.0,-0.107661999555144,0.0,-0.752321958793739,1.482468380039,0.73014642124526,24,12.0,9,18,1,0.846153846153846,27.33618338637,2.67098889016568,0.517583229784812,100.0,1,0,0,,"[{""Receiver"": ""crawlins"", ""num_targets"": 1.0, ""num_possessions"": 0.0, ""target_aec"": 0.15792541558819}, {""Receiver"": ""ebeidlers"", ""num_targets"": 2.0, ""num_possessions"": 0.0, ""target_aec"": -0.1543478209817319}, {""Receiver"": ""esarles"", ""num_targets"": 2.0, ""num_possessions"": 0.0, ""target_aec"": 0.1261439371000623}, {""Receiver"": ""jbray"", ""num_targets"": 1.0, ""num_possessions"": 0.0, ""target_aec"": 0.148050503163325}, {""Receiver"": ""ndigiorgi"", ""num_targets"": 2.0, ""num_possessions"": 0.0, ""target_aec"": 0.428766710906483}, {""Receiver"": ""sheyman"", ""num_targets"": 3.0, ""num_possessions"": 0.0, ""target_aec"": -0.0783935868856121}]",0.0,0.0769230769230769,0.375,0.0555555555555556,0,0.0515,2026-06-21 01:13:17,glory,phoenix,30,14,Final,2026-06-20 19:00:00,13,-0.05787091990721069,0.05616510932655846,-0.09495195579275847
2026-06-20-PHI-BOS,2026-06-20-PHI-BOS,czaleski,Christopher Zaleski,Christopher,Zaleski,phoenix,0,2026,1,0,0,6,6,0,0,0,28,24,6,0,0,0,0,0,0,0,6,4,6,0,2713,-0.313040611229059,0.964293291053293,6.0,6.0,0.0357067089467075,0.0,0.384350855445667,0.42600591170312,0.810356767148787,9,3.0,4,12,3,1.0,27.33618338637,2.96441078000975,2.31924001341536,34.9406168598928,0,0,0,,"[{""Receiver"": ""dloughnan"", ""num_targets"": 1.0, ""num_possessions"": 0.0, ""target_aec"": 0.46322471933663}, {""Receiver"": ""eholmgren"", ""num_targets"": 1.0, ""num_possessions"": 0.0, ""target_aec"": -0.207217839736316}, {""Receiver"": ""mhanna"", ""num_targets"": 2.0, ""num_possessions"": 0.0, ""target_aec"": 0.014157058977689999}, {""Receiver"": ""oerdman"", ""num_targets"": 1.0, ""num_possessions"": 0.0, ""target_aec"": 0.0595154243346533}, {""Receiver"": ""sdavies1"", ""num_targets"": 1.0, ""num_possessions"": 0.0, ""target_aec"": 0.05467149253301}]",,0.0,0.444444444444444,0.25,0,0.0215,2026-06-21 01:13:17,glory,phoenix,30,14,Final,2026-06-20 19:00:00,6,0.06405847590761117,0.1350594611914645,-0.05217343520484317
2026-06-20-PHI-BOS,2026-06-20-PHI-BOS,dloughnan,Drew Loughnane,Drew,Loughnane,phoenix,33,2026,0,3,0,3,4,0,0,0,152,36,6,0,1,0,0,0,0,0,6,4,7,0,2713,0.681628488074629,0.904795558814592,4.0,4.0,0.0952044411854081,1.0,-0.0771717473225942,1.97962492540721,1.90245317808462,9,6.0,4,13,3,1.0,27.33618338637,6.95946888852522,2.31924001341536,82.0291633069501,1,0,1,2.0,"[{""Receiver"": ""oerdman"", ""num_targets"": 1.0, ""num_possessions"": 0.0, ""target_aec"": 0.0502893877972228}, {""Receiver"": ""sdavies1"", ""num_targets"": 1.0, ""num_possessions"": 0.0, ""target_aec"": -0.636580174889104}, {""Receiver"": ""tmackey"", ""num_targets"": 2.0, ""num_possessions"": 0.0, ""target_aec"": -0.127461135119817}]",,0.25,0.444444444444444,0.230769230769231,0,0.0255,2026-06-21 01:13:17,glory,phoenix,30,14,Final,2026-06-20 19:00:00,4,-0.01929293683064855,0.475613294521155,0.17040712201865724
2026-06-20-PHI-BOS,2026-06-20-PHI-BOS,ebeidlers,Ezra Beidler-Shenk,Ezra,Beidler-Shenk,phoenix,15,2026,0,2,2,36,40,4,0,0,213,407,35,0,0,0,0,0,0,0,20,16,5,0,2677,1.03155711788575,0.956529236842558,36.0,40.0,-0.0565292368425577,0.0,-0.627496348752488,2.54061045191516,1.91311410316267,28,22.0,10,21,3,0.9,27.33618338637,6.99846820648914,0.0401861593238118,100.0,2,1,0,3.0,"[{""Receiver"": ""crawlins"", ""num_targets"": 7.0, ""num_possessions"": 0.0, ""target_aec"": -0.07018647984974595}, {""Receiver"": ""cwhite1"", ""num_targets"": 7.0, ""num_possessions"": 0.0, ""target_aec"": 0.7380415678668044}, {""Receiver"": ""esarles"", ""num_targets"": 9.0, ""num_possessions"": 0.0, ""target_aec"": 0.5457555722062761}, {""Receiver"": ""idietrich"", ""num_targets"": 1.0, ""num_possessions"": 0.0, ""target_aec"": -0.00490366097119626}, {""Receiver"": ""mcampanel"", ""num_targets"": 1.0, ""num_possessions"": 0.0, ""target_aec"": 0.0436819003216262}, {""Receiver"": ""messer"", ""num_targets"": 1.0, ""num_possessions"": 0.0, ""target_aec"": 0.0558681159751634}, {""Receiver"": ""ndigiorgi"", ""num_targets"": 1.0, ""num_possessions"": 0.0, ""target_aec"": -0.162855103177477}, {""Receiver"": ""oerdman"", ""num_targets"": 5.0, ""num_possessions"": 0.0, ""target_aec"": 0.8053472064077866}, {""Receiver"": ""sheyman"", ""num_targets"": 4.0, ""num_possessions"": 0.0, ""target_aec"": 0.5495094866222815}]",0.5,0.05,0.357142857142857,0.142857142857143,0,0.706,2026-06-21 01:13:17,glory,phoenix,30,14,Final,2026-06-20 19:00:00,40,-0.0156874087188122,0.04782785257906675,0.025788927947143752
2026-06-20-PHI-BOS,2026-06-20-PHI-BOS,eholmgren,Ethan Holmgren,Ethan,Holmgren,phoenix,36,2026,0,1,0,14,15,1,0,0,113,139,14,1,0,0,0,0,0,0,7,5,7,0,2605,-1.29437754461434,0.91276256881517,14.0,15.0,0.0205707645181629,0.0,0.667362614242617,0.625983773387717,1.29334638763033,10,9.0,4,15,4,0.933333333333333,27.33618338637,4.73126174693138,-0.0989891823515981,0.0,1,0,0,1.0,"[{""Receiver"": ""czaleski"", ""num_targets"": 3.0, ""num_possessions"": 0.0, ""target_aec"": 0.342900054154443}, {""Receiver"": ""dloughnan"", ""num_targets"": 1.0, ""num_possessions"": 0.0, ""target_aec"": 0.229800517216855}, {""Receiver"": ""jwisner"", ""num_targets"": 3.0, ""num_possessions"": 0.0, ""target_aec"": 0.135020339943657}, {""Receiver"": ""mcampanel"", ""num_targets"": 2.0, ""num_possessions"": 0.0, ""target_aec"": 0.0465582272696684}, {""Receiver"": ""messer"", ""num_targets"": 1.0, ""num_possessions"": 0.0, ""target_aec"": 0.212957136890971}, {""Receiver"": ""ndigiorgi"", ""num_targets"": 1.0, ""num_possessions"": 0.0, ""target_aec"": 0.10787442375008}, {""Receiver"": ""sdavies1"", ""num_targets"": 1.0, ""num_possessions"": 0.0, ""target_aec"": 0.207854654660656}, {""Receiver"": ""tmackey"", ""num_targets"": 2.0, ""num_possessions"": 0.0, ""target_aec"": 0.054758143968238505}]",0.0,0.0666666666666667,0.4,0.266666666666667,0,0.1085,2026-06-21 01:13:17,glory,phoenix,30,14,Final,2026-06-20 19:00:00,15,0.0444908409495078,0.08622309250868866,-0.08629183630762266
2026-06-20-PHI-BOS,2026-06-20-PHI-BOS,esarles,Ethan Sarles,Ethan,Sarles,phoenix,91,2026,0,0,1,24,26,2,0,0,134,310,19,0,0,0,1,1,0,0,18,14,6,0,2677,0.594816699930731,0.952783301104147,24.0,26.0,-0.0297063780272238,0.0,0.71022885943528,0.799035372365613,1.50926423180089,24,17.0,9,19,1,0.923076923076923,27.33618338637,5.52112272027493,0.517583229784812,100.0,1,0,0,,"[{""Receiver"": ""crawlins"", ""num_targets"": 1.0, ""num_possessions"": 0.0, ""target_aec"": 0.0544350097192142}, {""Receiver"": ""ebeidlers"", ""num_targets"": 13.0, ""num_possessions"": 0.0, ""target_aec"": 0.8568599953919127}, {""Receiver"": ""ndigiorgi"", ""num_targets"": 1.0, ""num_possessions"": 0.0, ""target_aec"": 0.106810320806399}, {""Receiver"": ""oerdman"", ""num_targets"": 2.0, ""num_possessions"": 0.0, ""target_aec"": 0.262702046279387}, {""Receiver"": ""sheyman"", ""num_targets"": 7.0, ""num_possessions"": 0.0, ""target_aec"": 0.6297405166930286}]",0.0,0.0384615384615385,0.375,0.0526315789473684,0,0.5525,2026-06-21 01:13:17,glory,phoenix,30,14,Final,2026-06-20 19:00:00,26,0.027316494593664618,0.05804862430003423,0.022877565381951195
2026-06-20-PHI-BOS,2026-06-20-PHI-BOS,ghaflin,Gustav Haflin,Gustav,Haflin,glory,34,2026,1,0,0,4,4,0,0,0,12,69,2,0,2,0,0,0,0,0,0,0,17,4,2556,0.345064330616664,0.91691517375855,4.0,4.0,0.0830848262414503,0.0,0.987567439367153,0.129764682851999,1.11733212221915,12,3.0,8,21,14,1.0,56.7356091794996,1.96936657308842,4.64156163296402,24.0723319126896,1,1,0,,"[{""Receiver"": ""bmccann"", ""num_targets"": 1.0, ""num_possessions"": 0.0, ""target_aec"": 0.0573578676996174}, {""Receiver"": ""sfisherol"", ""num_targets"": 1.0, ""num_possessions"": 0.0, ""target_aec"": 0.773151183303754}, {""Receiver"": ""tjohnson1"", ""num_targets"": 2.0, ""num_possessions"": 0.0, ""target_aec"": 0.15705838836378172}]",1.0,0.25,0.666666666666667,0.666666666666667,0,0.0275,2026-06-21 01:13:17,glory,phoenix,30,14,Final,2026-06-20 19:00:00,4,0.24689185984178824,0.2793330305547875,0.086266082654166
2026-06-20-PHI-BOS,2026-06-20-PHI-BOS,idietrich,Ian Dietrich,Ian,Dietrich,phoenix,35,2026,1,0,0,4,5,0,0,0,16,62,4,0,0,0,0,0,0,0,5,4,2,0,1946,-0.453179520775216,0.931765236310102,5.0,5.0,0.0682347636898978,1.0,0.784398598860029,0.249652853638606,1.03405145249864,8,4.0,2,8,4,1.0,27.33618338637,3.78272064495375,-1.28498525971074,0.0,0,0,0,,"[{""Receiver"": ""ebeidlers"", ""num_targets"": 1.0, ""num_possessions"": 0.0, ""target_aec"": 0.00485987085878118}, {""Receiver"": ""jbray"", ""num_targets"": 1.0, ""num_possessions"": 0.0, ""target_aec"": 0.174985232636985}, {""Receiver"": ""jwisner"", ""num_targets"": 2.0, ""num_possessions"": 0.0, ""target_aec"": -0.06898832985937309}, {""Receiver"": ""mcampanel"", ""num_targets"": 1.0, ""num_possessions"": 0.0, ""target_aec"": -0.0515673284354208}]",,0.0,0.25,0.5,0,0.0,2026-06-21 01:13:17,glory,phoenix,30,14,Final,2026-06-20 19:00:00,5,0.15687971977200582,0.206810290499728,-0.0906359041550432
2026-06-20-PHI-BOS,2026-06-20-PHI-BOS,jbray,Jimmy Bray,Jimmy,Bray,phoenix,16,2026,0,0,1,2,3,1,0,0,64,15,4,0,0,0,4,0,4,0,7,5,3,0,1946,0.663780621806682,0.960231069167548,2.0,3.0,-0.293564402500882,0.0,-0.555267314406362,0.693758827297731,0.138491512891369,10,4.0,2,10,4,0.666666666666667,27.33618338637,0.506623440931487,-0.833158170519239,0.0,0,0,0,,"[{""Receiver"": ""idietrich"", ""num_targets"": 1.0, ""num_possessions"": 0.0, ""target_aec"": 0.169397663742386}, {""Receiver"": ""mcampanel"", ""num_targets"": 1.0, ""num_possessions"": 0.0, ""target_aec"": -0.0854623213626021}]",,0.0,0.2,0.4,0,0.0,2026-06-21 01:13:17,glory,phoenix,30,14,Final,2026-06-20 19:00:00,3,-0.18508910480212068,0.04616383763045633,0.22126020726889398
2026-06-20-PHI-BOS,2026-06-20-PHI-BOS,jconroy,Jack Conroy,Jack,Conroy,glory,70,2026,0,3,1,2,3,1,0,0,136,-53,5,0,2,0,0,0,0,0,0,0,15,4,1702,1.13324872577912,0.950251696210257,2.0,3.0,-0.283585029543591,0.0,-1.20588598022039,2.06255779829352,0.85667181807313,11,6.0,9,16,13,0.666666666666667,56.7356091794996,1.5099367583466,7.46601748081598,11.4742809037664,0,0,0,1.0,"[{""Receiver"": ""ograff"", ""num_targets"": 1.0, ""num_possessions"": 0.0, ""target_aec"": -0.21116934289823}, {""Receiver"": ""tjohnson1"", ""num_targets"": 1.0, ""num_possessions"": 0.0, ""target_aec"": -0.214641478505684}]",,0.0,0.818181818181818,0.8125,0,0.0045,2026-06-21 01:13:17,glory,phoenix,30,14,Final,2026-06-20 19:00:00,3,-0.40196199340679667,0.2855572726910433,0.37774957525970665
2026-06-20-PHI-BOS,2026-06-20-PHI-BOS,jtapper,Jason Tapper,Jason,Tapper,glory,99,2026,1,1,0,4,4,0,0,0,55,17,5,0,0,0,0,0,0,0,1,1,15,2,2439,0.246121599376804,0.975098791801354,4.0,4.0,0.0249012081986457,0.0,0.438608841454298,1.02763048059924,1.46623932205354,14,4.0,10,18,14,1.0,56.7356091794996,2.58433696801362,8.28230284382836,17.703280714326,0,0,0,,"[{""Receiver"": ""bmccann"", ""num_targets"": 1.0, ""num_possessions"": 0.0, ""target_aec"": -0.0234803679626591}, {""Receiver"": ""cparinell"", ""num_targets"": 2.0, ""num_possessions"": 0.0, ""target_aec"": 0.38987316534692873}, {""Receiver"": ""ograff"", ""num_targets"": 1.0, ""num_possessions"": 0.0, ""target_aec"": 0.0722160440700282}]",,0.0,0.714285714285714,0.777777777777778,0,0.0105,2026-06-21 01:13:17,glory,phoenix,30,14,Final,2026-06-20 19:00:00,4,0.1096522103635745,0.366559830513385,0.061530399844201
2026-06-20-PHI-BOS,2026-06-20-PHI-BOS,jwisner,Jack Wisner,Jack,Wisner,phoenix,14,2026,0,1,0,5,6,0,0,0,120,-12,7,1,1,0,0,0,0,0,5,4,2,0,1946,-0.48864960121721,0.809085574094851,6.0,6.0,0.190914425905149,1.0,-0.036781812430272,0.556632805289666,0.519850992859394,8,6.0,2,8,4,1.0,27.33618338637,1.90169558607291,-1.28498525971074,0.0,0,0,0,,"[{""Receiver"": ""ebeidlers"", ""num_targets"": 1.0, ""num_possessions"": 0.0, ""target_aec"": 0.0}, {""Receiver"": ""eholmgren"", ""num_targets"": 4.0, ""num_possessions"": 0.0, ""target_aec"": -0.9740855712971963}, {""Receiver"": ""idietrich"", ""num_targets"": 1.0, ""num_possessions"": 0.0, ""target_aec"": 0.0774990528604183}]",,0.0,0.25,0.5,0,0.0,2026-06-21 01:13:17,glory,phoenix,30,14,Final,2026-06-20 19:00:00,6,-0.006130302071712001,0.08664183214323233,-0.08144160020286834
2026-06-20-PHI-BOS,2026-06-20-PHI-BOS,ldecraene,Lander Decraene,Lander,Decraene,glory,50,2026,0,0,0,0,0,0,0,0,0,0,0,0,0,0,0,0,0,0,1,1,0,0,78,,,,,,,0.0,0.0,0.0,0,,0,1,1,,56.7356091794996,0.0,0.0,0.0,0,0,0,,,,,,1.0,0,,2026-06-21 01:13:17,glory,phoenix,30,14,Final,2026-06-20 19:00:00,0,,,
2026-06-20-PHI-BOS,2026-06-20-PHI-BOS,mcampanel,Mike Campanella,Mike,Campanella,phoenix,5,2026,1,0,0,10,11,1,0,0,-14,139,9,0,0,0,0,0,0,0,8,5,3,0,2128,-0.426235969096731,0.891743840911142,10.0,11.0,0.0173470681797671,0.0,1.00945455534806,0.00821431100629111,1.01766886635436,11,7.0,2,10,4,0.909090909090909,27.33618338637,3.72279060310143,-1.06144164544955,0.0,1,1,0,,"[{""Receiver"": ""bpastor"", ""num_targets"": 1.0, ""num_possessions"": 0.0, ""target_aec"": 0.094559188106084}, {""Receiver"": ""eholmgren"", ""num_targets"": 2.0, ""num_possessions"": 0.0, ""target_aec"": 0.972540636314657}, {""Receiver"": ""idietrich"", ""num_targets"": 1.0, ""num_possessions"": 0.0, ""target_aec"": 0.00765979800699803}, {""Receiver"": ""jbray"", ""num_targets"": 1.0, ""num_possessions"": 0.0, ""target_aec"": 0.140338453063221}, {""Receiver"": ""jwisner"", ""num_targets"": 2.0, ""num_possessions"": 0.0, ""target_aec"": 0.328078443966501}, {""Receiver"": ""messer"", ""num_targets"": 2.0, ""num_possessions"": 0.0, ""target_aec"": 0.1749602132945962}, {""Receiver"": ""tmackey"", ""num_targets"": 1.0, ""num_possessions"": 0.0, ""target_aec"": 0.0143343134895546}]",1.0,0.0909090909090909,0.181818181818182,0.4,0,0.0,2026-06-21 01:13:17,glory,phoenix,30,14,Final,2026-06-20 19:00:00,11,0.09176859594073274,0.09251535148676,-0.038748724463339185
2026-06-20-PHI-BOS,2026-06-20-PHI-BOS,messer,Matt Esser,Matt,Esser,phoenix,10,2026,0,0,1,5,6,1,0,0,52,36,4,0,0,0,1,0,1,0,5,4,3,0,1946,0.286017162480804,0.978743628888201,5.0,6.0,-0.145410295554867,0.0,-0.636027838379727,0.443785466160731,-0.192242372218996,8,5.0,2,9,4,0.833333333333333,27.33618338637,0.0,-1.28498525971074,14.9606675069776,0,0,0,,"[{""Receiver"": ""ebeidlers"", ""num_targets"": 1.0, ""num_possessions"": 0.0, ""target_aec"": 0.0732551416738127}, {""Receiver"": ""mcampanel"", ""num_targets"": 4.0, ""num_possessions"": 0.0, ""target_aec"": 0.05500383321301941}]",,0.0,0.25,0.444444444444444,0,0.0,2026-06-21 01:13:17,glory,phoenix,30,14,Final,2026-06-20 19:00:00,6,-0.1060046397299545,-0.03204039536983267,0.047669527080134
2026-06-20-PHI-BOS,2026-06-20-PHI-BOS,mhanna,Matt Hanna,Matt,Hanna,phoenix,39,2026,0,1,1,4,4,0,0,0,38,-2,5,0,0,0,0,0,0,0,7,5,6,0,2713,-0.257466660057732,0.968194131686388,4.0,4.0,0.0318058683136124,0.0,-0.0529005082248927,0.450730588529509,0.397830080304616,10,4.0,4,13,3,1.0,27.33618338637,1.45532415656451,1.80973126060853,21.9828263435558,0,0,0,,"[{""Receiver"": ""czaleski"", ""num_targets"": 1.0, ""num_possessions"": 0.0, ""target_aec"": -0.215150109479411}, {""Receiver"": ""tmackey"", ""num_targets"": 3.0, ""num_possessions"": 0.0, ""target_aec"": 0.1622496012545183}]",,0.0,0.4,0.230769230769231,0,0.00650000000000001,2026-06-21 01:13:17,glory,phoenix,30,14,Final,2026-06-20 19:00:00,4,-0.013225127056223175,0.099457520076154,-0.064366665014433
2026-06-20-PHI-BOS,2026-06-20-PHI-BOS,mmcdonnel,Rowan McDonnell,Rowan,McDonnell,glory,99,2026,2,0,1,16,16,0,0,0,9,131,13,0,0,0,20,1,19,0,1,1,21,4,2606,-0.115378275524416,0.934510729505954,16.0,16.0,0.0654892704940464,0.0,1.72499004929743,0.0731528918845535,1.79814294118199,17,8.0,12,27,20,1.0,56.7356091794996,3.16933750634992,7.92388904518771,22.6926819763337,0,0,0,,"[{""Receiver"": ""ayuan"", ""num_targets"": 1.0, ""num_possessions"": 0.0, ""target_aec"": 0.144401193146279}, {""Receiver"": ""bmccann"", ""num_targets"": 1.0, ""num_possessions"": 0.0, ""target_aec"": 0.376947678174109}, {""Receiver"": ""cdavisbra"", ""num_targets"": 1.0, ""num_possessions"": 0.0, ""target_aec"": 0.0895951291312348}, {""Receiver"": ""cparinell"", ""num_targets"": 5.0, ""num_possessions"": 0.0, ""target_aec"": 0.7854560295135222}, {""Receiver"": ""ograff"", ""num_targets"": 3.0, ""num_possessions"": 0.0, ""target_aec"": -0.041767677964017896}, {""Receiver"": ""tjohnson1"", ""num_targets"": 4.0, ""num_possessions"": 0.0, ""target_aec"": 0.3703576972963072}, {""Receiver"": ""zsinger"", ""num_targets"": 1.0, ""num_possessions"": 0.0, ""target_aec"": 0.0}]",,0.0,0.705882352941177,0.740740740740741,0,0.01,2026-06-21 01:13:17,glory,phoenix,30,14,Final,2026-06-20 19:00:00,16,0.10781187808108937,0.11238393382387438,-0.007211142220276
2026-06-20-PHI-BOS,2026-06-20-PHI-BOS,ndigiorgi,Nicholas DiGiorgio,Nicholas,DiGiorgio,phoenix,45,2026,1,4,2,10,11,0,0,0,141,108,13,0,0,0,0,0,0,0,15,14,5,0,2677,1.26280853316096,0.895029665376125,11.0,11.0,0.104970334623875,1.0,1.32597033724283,1.97525335392193,3.30122369116476,21,9.0,9,18,1,1.0,27.33618338637,12.0763884427655,-0.661959504546624,0.0,1,1,0,,"[{""Receiver"": ""crawlins"", ""num_targets"": 1.0, ""num_possessions"": 0.0, ""target_aec"": 0.0829022534203149}, {""Receiver"": ""cwhite1"", ""num_targets"": 2.0, ""num_possessions"": 0.0, ""target_aec"": 0.20576501464520802}, {""Receiver"": ""ebeidlers"", ""num_targets"": 4.0, ""num_possessions"": 0.0, ""target_aec"": 1.01297505973183}, {""Receiver"": ""esarles"", ""num_targets"": 2.0, ""num_possessions"": 0.0, ""target_aec"": -0.0591499480423371}, {""Receiver"": ""tmackey"", ""num_targets"": 2.0, ""num_possessions"": 0.0, ""target_aec"": -0.7073120264269023}]",1.0,0.0909090909090909,0.428571428571429,0.0555555555555556,0,0.3985,2026-06-21 01:13:17,glory,phoenix,30,14,Final,2026-06-20 19:00:00,11,0.12054275793116637,0.3001112446513418,0.11480077574190545
2026-06-20-PHI-BOS,2026-06-20-PHI-BOS,nmccloske,Nolan McCloskey,Nolan,McCloskey,phoenix,66,2026,0,0,0,10,10,0,0,0,42,136,6,0,1,0,0,0,0,0,7,5,6,0,2713,0.306277032976521,0.952533432527887,10.0,10.0,0.0474665674721129,0.0,1.24626930424017,0.24924498294108,1.49551428718125,10,6.0,4,13,3,1.0,27.33618338637,5.47082328957057,1.80973126060853,82.6373683061858,0,0,0,,"[{""Receiver"": ""crawlins"", ""num_targets"": 1.0, ""num_possessions"": 0.0, ""target_aec"": 0.353296141699316}, {""Receiver"": ""czaleski"", ""num_targets"": 1.0, ""num_possessions"": 0.0, ""target_aec"": 0.164660437601289}, {""Receiver"": ""eholmgren"", ""num_targets"": 3.0, ""num_possessions"": 0.0, ""target_aec"": 0.21499544775498294}, {""Receiver"": ""oerdman"", ""num_targets"": 1.0, ""num_possessions"": 0.0, ""target_aec"": 0.253297178315918}, {""Receiver"": ""sdavies1"", ""num_targets"": 1.0, ""num_possessions"": 0.0, ""target_aec"": 0.141948077731008}, {""Receiver"": ""tmackey"", ""num_targets"": 3.0, ""num_possessions"": 0.0, ""target_aec"": 0.11807202113765719}]",,0.0,0.4,0.230769230769231,0,0.1735,2026-06-21 01:13:17,glory,phoenix,30,14,Final,2026-06-20 19:00:00,10,0.124626930424017,0.149551428718125,0.030627703297652097
2026-06-20-PHI-BOS,2026-06-20-PHI-BOS,oerdman,Owen Erdman,Owen,Erdman,phoenix,18,2026,4,0,2,20,21,1,0,0,240,277,18,0,0,0,0,0,0,0,16,15,4,0,2677,2.6480267502264,0.895040155644466,20.0,21.0,0.0573407967364861,0.0,2.64623207393979,2.14894713818715,4.79517921212694,23,13.0,10,18,2,0.952380952380952,27.33618338637,17.5415095236662,0.337924209922257,100.0,3,3,0,,"[{""Receiver"": ""crawlins"", ""num_targets"": 4.0, ""num_possessions"": 0.0, ""target_aec"": 0.1503231001582519}, {""Receiver"": ""cwhite1"", ""num_targets"": 1.0, ""num_possessions"": 0.0, ""target_aec"": 0.135362074129698}, {""Receiver"": ""dloughnan"", ""num_targets"": 1.0, ""num_possessions"": 0.0, ""target_aec"": 0.615672161861144}, {""Receiver"": ""ebeidlers"", ""num_targets"": 3.0, ""num_possessions"": 0.0, ""target_aec"": 0.4498017131496331}, {""Receiver"": ""esarles"", ""num_targets"": 1.0, ""num_possessions"": 0.0, ""target_aec"": -0.129021985915734}, {""Receiver"": ""ndigiorgi"", ""num_targets"": 3.0, ""num_possessions"": 0.0, ""target_aec"": 0.8190279798276119}, {""Receiver"": ""nmccloske"", ""num_targets"": 2.0, ""num_possessions"": 0.0, ""target_aec"": 0.13218341247751791}, {""Receiver"": ""sdavies1"", ""num_targets"": 1.0, ""num_possessions"": 0.0, ""target_aec"": 0.241259945726766}, {""Receiver"": ""sheyman"", ""num_targets"": 2.0, ""num_possessions"": 0.0, ""target_aec"": 0.812021395364509}, {""Receiver"": ""tmackey"", ""num_targets"": 2.0, ""num_possessions"": 0.0, ""target_aec"": 0.07568096918758009}]",1.0,0.142857142857143,0.434782608695652,0.111111111111111,0,0.359,2026-06-21 01:13:17,glory,phoenix,30,14,Final,2026-06-20 19:00:00,21,0.12601105113999,0.22834186724414002,0.12609651191554286
2026-06-20-PHI-BOS,2026-06-20-PHI-BOS,ograff,Oscar Graff,Oscar,Graff,glory,7,2026,5,2,4,29,30,1,0,0,94,344,29,0,2,0,0,0,0,0,1,1,17,3,2606,3.09708470176845,0.934007539895992,29.0,30.0,0.0326591267706747,0.0,5.38417612629401,1.41972328723948,6.80389941353349,14,13.0,12,18,13,0.966666666666667,56.7356091794996,11.9922911059391,10.5442121432424,64.5273380419798,2,1,0,,"[{""Receiver"": ""bmccann"", ""num_targets"": 6.0, ""num_possessions"": 0.0, ""target_aec"": 0.4345725862955143}, {""Receiver"": ""cparinell"", ""num_targets"": 4.0, ""num_possessions"": 0.0, ""target_aec"": 1.2478555407138858}, {""Receiver"": ""ghaflin"", ""num_targets"": 1.0, ""num_possessions"": 0.0, ""target_aec"": 0.0762103366058407}, {""Receiver"": ""jconroy"", ""num_targets"": 1.0, ""num_possessions"": 0.0, ""target_aec"": 0.849604051601021}, {""Receiver"": ""jtapper"", ""num_targets"": 2.0, ""num_possessions"": 0.0, ""target_aec"": 0.9115137854643219}, {""Receiver"": ""mmcdonnel"", ""num_targets"": 3.0, ""num_possessions"": 0.0, ""target_aec"": 0.025701092691152404}, {""Receiver"": ""rdunkerle"", ""num_targets"": 1.0, ""num_possessions"": 0.0, ""target_aec"": 0.0602724556336649}, {""Receiver"": ""tjohnson1"", ""num_targets"": 6.0, ""num_possessions"": 0.0, ""target_aec"": 0.8308550231569053}, {""Receiver"": ""zsinger"", ""num_targets"": 5.0, ""num_possessions"": 0.0, ""target_aec"": 1.5766120982451426}]",0.5,0.0666666666666667,0.857142857142857,0.722222222222222,0,0.104,2026-06-21 01:13:17,glory,phoenix,30,14,Final,2026-06-20 19:00:00,30,0.17947253754313366,0.226796647117783,0.10323615672561501
2026-06-20-PHI-BOS,2026-06-20-PHI-BOS,pboerth,Peter Boerth,Peter,Boerth,glory,11,2026,1,3,5,22,22,0,0,0,219,132,25,0,0,0,0,0,0,0,13,13,2,1,2605,1.78142404792933,0.963306516045565,22.0,22.0,0.0366934839544345,0.0,1.78990478117859,2.87356169780085,4.66346647897944,17,13.0,15,8,1,1.0,56.7356091794996,8.21964643796316,17.024654557722,27.3924293921382,1,1,0,,"[{""Receiver"": ""ayuan"", ""num_targets"": 1.0, ""num_possessions"": 0.0, ""target_aec"": 0.162900004175982}, {""Receiver"": ""clevine"", ""num_targets"": 2.0, ""num_possessions"": 0.0, ""target_aec"": 0.2205215067627539}, {""Receiver"": ""rdinger"", ""num_targets"": 4.0, ""num_possessions"": 0.0, ""target_aec"": 1.0293538826785533}, {""Receiver"": ""rdunkerle"", ""num_targets"": 1.0, ""num_possessions"": 0.0, ""target_aec"": 0.113756947482592}, {""Receiver"": ""tdecraene"", ""num_targets"": 8.0, ""num_possessions"": 0.0, ""target_aec"": 0.0993415591056252}, {""Receiver"": ""tedmonds"", ""num_targets"": 6.0, ""num_possessions"": 0.0, ""target_aec"": 0.16403088097308183}]",1.0,0.0454545454545455,0.882352941176471,0.125,0,0.716,2026-06-21 01:13:17,glory,phoenix,30,14,Final,2026-06-20 19:00:00,22,0.08135930823539045,0.21197574904452,0.0809738203604241
2026-06-20-PHI-BOS,2026-06-20-PHI-BOS,rdinger,Ryan Dinger,Ryan,Dinger,glory,12,2026,3,2,1,23,23,0,0,0,134,329,20,0,0,0,1,0,1,0,12,12,2,1,2605,1.96685211691518,0.939949300068076,23.0,23.0,0.0600506999319245,0.0,3.50498182900111,2.05953751521756,5.56451934421867,16,15.0,14,7,1,1.0,56.7356091794996,9.80780752104678,15.0819807631745,36.8951494607756,1,1,0,1.0,"[{""Receiver"": ""ayuan"", ""num_targets"": 1.0, ""num_possessions"": 0.0, ""target_aec"": 0.181227783641561}, {""Receiver"": ""bsadok"", ""num_targets"": 2.0, ""num_possessions"": 0.0, ""target_aec"": 0.28078094173368523}, {""Receiver"": ""clevine"", ""num_targets"": 2.0, ""num_possessions"": 0.0, ""target_aec"": 0.457332248299202}, {""Receiver"": ""pboerth"", ""num_targets"": 4.0, ""num_possessions"": 0.0, ""target_aec"": 0.7156024207111453}, {""Receiver"": ""rdunkerle"", ""num_targets"": 3.0, ""num_possessions"": 0.0, ""target_aec"": 1.1986308312872402}, {""Receiver"": ""tdecraene"", ""num_targets"": 4.0, ""num_possessions"": 0.0, ""target_aec"": 0.251802297179456}, {""Receiver"": ""tedmonds"", ""num_targets"": 7.0, ""num_possessions"": 0.0, ""target_aec"": 0.4196053061488225}]",1.0,0.0434782608695652,0.875,0.142857142857143,0,0.9355,2026-06-21 01:13:17,glory,phoenix,30,14,Final,2026-06-20 19:00:00,23,0.15239051430439607,0.2419356236616813,0.08551530943109478
2026-06-20-PHI-BOS,2026-06-20-PHI-BOS,rdunkerle,Roan Dunkerley,Roan,Dunkerley,glory,66,2026,2,4,1,10,10,0,0,0,322,152,14,0,0,0,0,0,0,0,11,11,7,2,2835,0.634333716225546,0.927650759556841,10.0,10.0,0.072349240443159,0.0,2.17927367015786,3.99138526327486,6.17065893343272,18,12.0,17,12,5,1.0,56.7356091794996,10.8761658201466,19.0942243539494,32.3168871332362,1,1,0,3.0,"[{""Receiver"": ""bmccann"", ""num_targets"": 2.0, ""num_possessions"": 0.0, ""target_aec"": 0.1412823576373321}, {""Receiver"": ""clevine"", ""num_targets"": 1.0, ""num_possessions"": 0.0, ""target_aec"": 0.347987597519015}, {""Receiver"": ""pboerth"", ""num_targets"": 1.0, ""num_possessions"": 0.0, ""target_aec"": 0.530042251787435}, {""Receiver"": ""rdinger"", ""num_targets"": 1.0, ""num_possessions"": 0.0, ""target_aec"": 0.179507404574213}, {""Receiver"": ""tdecraene"", ""num_targets"": 4.0, ""num_possessions"": 0.0, ""target_aec"": 0.8429604676042708}, {""Receiver"": ""tjohnson1"", ""num_targets"": 1.0, ""num_possessions"": 0.0, ""target_aec"": 0.137493591035593}]",1.0,0.1,0.944444444444444,0.416666666666667,0,0.0690000000000001,2026-06-21 01:13:17,glory,phoenix,30,14,Final,2026-06-20 19:00:00,10,0.21792736701578602,0.617065893343272,0.06343337162255461
2026-06-20-PHI-BOS,2026-06-20-PHI-BOS,sdavies1,Sam Davies,Sam,Davies,phoenix,27,2026,1,0,1,5,5,0,0,0,183,32,7,1,0,0,0,0,0,0,10,5,8,0,2713,0.392640222247812,0.974440008441819,5.0,5.0,0.0255599915581806,0.0,0.454610038455602,0.812028767602739,1.26663880605834,13,7.0,4,15,3,1.0,27.33618338637,4.63356126989511,3.14873785402696,40.2268739024565,0,0,0,1.0,"[{""Receiver"": ""dloughnan"", ""num_targets"": 1.0, ""num_possessions"": 0.0, ""target_aec"": 0.0968404548697104}, {""Receiver"": ""eholmgren"", ""num_targets"": 1.0, ""num_possessions"": 0.0, ""target_aec"": 0.0898109203104143}, {""Receiver"": ""mhanna"", ""num_targets"": 1.0, ""num_possessions"": 0.0, ""target_aec"": 0.241878930179328}, {""Receiver"": ""oerdman"", ""num_targets"": 2.0, ""num_possessions"": 0.0, ""target_aec"": 0.026079733096148992}]",,0.0,0.307692307692308,0.2,0,0.2225,2026-06-21 01:13:17,glory,phoenix,30,14,Final,2026-06-20 19:00:00,5,0.0909220076911204,0.253327761211668,0.07852804444956239
2026-06-20-PHI-BOS,2026-06-20-PHI-BOS,sfisherol,Seth Fisher-Olvera,Seth,Fisher-Olvera,glory,10,2026,1,1,0,1,2,1,0,0,97,17,3,0,0,0,2,0,2,0,0,0,17,4,2606,0.0,0.719907993889258,1.0,2.0,-0.219907993889258,0.0,-0.276360497033868,1.50045065555908,1.22409015852521,15,4.0,10,21,16,0.5,56.7356091794996,2.15753417690897,6.14721448406471,19.9129241658704,0,0,0,1.0,"[{""Receiver"": ""jconroy"", ""num_targets"": 1.0, ""num_possessions"": 0.0, ""target_aec"": 0.289316602107174}]",,0.0,0.666666666666667,0.761904761904762,0,0.031,2026-06-21 01:13:17,glory,phoenix,30,14,Final,2026-06-20 19:00:00,2,-0.138180248516934,0.612045079262605,0.0
2026-06-20-PHI-BOS,2026-06-20-PHI-BOS,sheyman,Scott Heyman,Scott,Heyman,phoenix,44,2026,0,1,0,16,17,1,0,0,247,199,18,0,0,0,0,0,0,0,18,14,6,0,2677,-0.230091971310231,0.908298267133952,16.0,17.0,0.0328782034542835,0.0,0.888381289385617,2.22405343571714,3.11243472510276,24,12.0,9,19,1,0.941176470588235,27.33618338637,11.3857691145525,0.517583229784812,100.0,3,2,0,2.0,"[{""Receiver"": ""crawlins"", ""num_targets"": 4.0, ""num_possessions"": 0.0, ""target_aec"": 0.6321679898985868}, {""Receiver"": ""ebeidlers"", ""num_targets"": 4.0, ""num_possessions"": 0.0, ""target_aec"": -0.0697683788645561}, {""Receiver"": ""esarles"", ""num_targets"": 2.0, ""num_possessions"": 0.0, ""target_aec"": -0.20718726057402143}, {""Receiver"": ""jbray"", ""num_targets"": 1.0, ""num_possessions"": 0.0, ""target_aec"": 0.2303846384342}, {""Receiver"": ""ndigiorgi"", ""num_targets"": 1.0, ""num_possessions"": 0.0, ""target_aec"": 0.0328470815445967}, {""Receiver"": ""oerdman"", ""num_targets"": 3.0, ""num_possessions"": 0.0, ""target_aec"": 0.4130454482744337}, {""Receiver"": ""sdavies1"", ""num_targets"": 1.0, ""num_possessions"": 0.0, ""target_aec"": 0.462318697243734}]",0.666666666666667,0.176470588235294,0.375,0.0526315789473684,0,0.6885,2026-06-21 01:13:17,glory,phoenix,30,14,Final,2026-06-20 19:00:00,17,0.052257722905036295,0.18308439559428,-0.013534821841778295
2026-06-20-PHI-BOS,2026-06-20-PHI-BOS,tdecraene,Tobe Decraene,Tobe,Decraene,glory,33,2026,4,1,3,37,38,1,0,0,233,274,38,0,2,0,2,0,2,0,14,14,3,1,2785,3.26770488594441,0.95302299452056,37.0,38.0,0.0206612160057562,0.0,2.87204629572882,2.52968780071868,5.4017340964475,18,14.0,16,10,3,0.973684210526316,56.7356091794996,9.52088851175907,18.0206558280868,29.9752359069441,0,0,0,2.0,"[{""Receiver"": ""ayuan"", ""num_targets"": 3.0, ""num_possessions"": 0.0, ""target_aec"": 0.4535436244947755}, {""Receiver"": ""clevine"", ""num_targets"": 1.0, ""num_possessions"": 0.0, ""target_aec"": 0.0609181224566739}, {""Receiver"": ""mmcdonnel"", ""num_targets"": 2.0, ""num_possessions"": 0.0, ""target_aec"": 0.024695435596471797}, {""Receiver"": ""pboerth"", ""num_targets"": 15.0, ""num_possessions"": 0.0, ""target_aec"": 0.9995131959680573}, {""Receiver"": ""rdinger"", ""num_targets"": 4.0, ""num_possessions"": 0.0, ""target_aec"": 0.3831470263147427}, {""Receiver"": ""rdunkerle"", ""num_targets"": 1.0, ""num_possessions"": 0.0, ""target_aec"": 0.175291003627088}, {""Receiver"": ""tedmonds"", ""num_targets"": 9.0, ""num_possessions"": 0.0, ""target_aec"": 0.888723611384693}, {""Receiver"": ""zsinger"", ""num_targets"": 2.0, ""num_possessions"": 0.0, ""target_aec"": 0.5430200681474712}]",,0.0,0.888888888888889,0.3,0,1.032,2026-06-21 01:13:17,glory,phoenix,30,14,Final,2026-06-20 19:00:00,38,0.07558016567707422,0.1421508972749342,0.08599223384064236
2026-06-20-PHI-BOS,2026-06-20-PHI-BOS,tedmonds,Thomas Edmonds,Thomas,Edmonds,glory,8,2026,3,0,4,28,29,1,0,0,137,174,25,0,0,0,1,0,1,0,13,13,2,1,2605,3.52057705484536,0.947663361157422,28.0,29.0,0.0178538802218886,0.0,1.49601035855656,1.24701964209159,2.74303000064815,17,13.0,15,8,1,0.96551724137931,56.7356091794996,4.83475905223785,17.024654557722,16.1121037219752,0,0,0,,"[{""Receiver"": ""bsadok"", ""num_targets"": 1.0, ""num_possessions"": 0.0, ""target_aec"": 0.233535010643113}, {""Receiver"": ""clevine"", ""num_targets"": 1.0, ""num_possessions"": 0.0, ""target_aec"": 0.157139613002356}, {""Receiver"": ""pboerth"", ""num_targets"": 5.0, ""num_possessions"": 0.0, ""target_aec"": 0.6284038293342123}, {""Receiver"": ""rdinger"", ""num_targets"": 6.0, ""num_possessions"": 0.0, ""target_aec"": 0.1912001818985672}, {""Receiver"": ""rdunkerle"", ""num_targets"": 4.0, ""num_possessions"": 0.0, ""target_aec"": 0.6997202711528341}, {""Receiver"": ""tdecraene"", ""num_targets"": 11.0, ""num_possessions"": 0.0, ""target_aec"": 0.4486301839780898}]",,0.0,0.882352941176471,0.125,0,1.033,2026-06-21 01:13:17,glory,phoenix,30,14,Final,2026-06-20 19:00:00,29,0.05158656408815725,0.09458724140166035,0.12139920878777104
2026-06-20-PHI-BOS,2026-06-20-PHI-BOS,tjohnson1,Tannor Johnson-Go,Tannor,Johnson-Go,glory,60,2026,0,2,4,19,20,1,0,0,175,95,20,0,2,0,21,2,19,0,0,0,23,6,2606,2.86516231694132,0.95642085161172,19.0,20.0,-0.00642085161171968,0.0,0.673192689021564,2.52988199995053,3.2030746889721,17,13.0,12,27,19,0.95,56.7356091794996,5.64561610476101,7.79842701217378,41.073343175129,0,0,0,1.0,"[{""Receiver"": ""bmccann"", ""num_targets"": 1.0, ""num_possessions"": 0.0, ""target_aec"": 0.00418438946384349}, {""Receiver"": ""cdavisbra"", ""num_targets"": 2.0, ""num_possessions"": 0.0, ""target_aec"": 0.12501984062627688}, {""Receiver"": ""jconroy"", ""num_targets"": 1.0, ""num_possessions"": 0.0, ""target_aec"": 0.380556601635189}, {""Receiver"": ""mmcdonnel"", ""num_targets"": 2.0, ""num_possessions"": 0.0, ""target_aec"": -0.001990769328742009}, {""Receiver"": ""ograff"", ""num_targets"": 6.0, ""num_possessions"": 0.0, ""target_aec"": 0.17394773404242683}, {""Receiver"": ""sfisherol"", ""num_targets"": 1.0, ""num_possessions"": 0.0, ""target_aec"": 0.292115434310271}, {""Receiver"": ""zsinger"", ""num_targets"": 6.0, ""num_possessions"": 0.0, ""target_aec"": 0.41228282386787424}]",,0.0,0.705882352941177,0.703703703703704,0,0.2815,2026-06-21 01:13:17,glory,phoenix,30,14,Final,2026-06-20 19:00:00,20,0.0336596344510782,0.16015373444860498,0.143258115847066
2026-06-20-PHI-BOS,2026-06-20-PHI-BOS,tmackey,Tyler Mackey,Tyler,Mackey,phoenix,7,2026,1,0,2,18,19,1,0,0,51,222,16,1,0,0,9,0,9,0,8,5,6,0,2835,-0.0919426677658761,0.92513884335655,18.0,19.0,0.0222295776960812,0.0,1.03739683704491,-0.338751692334733,0.698645144710182,11,10.0,4,13,3,0.947368421052632,27.33618338637,2.55575233321902,1.90851574372117,36.6067268246885,1,1,0,,"[{""Receiver"": ""crawlins"", ""num_targets"": 1.0, ""num_possessions"": 0.0, ""target_aec"": -0.0446839005938911}, {""Receiver"": ""czaleski"", ""num_targets"": 1.0, ""num_possessions"": 0.0, ""target_aec"": 0.133595529426799}, {""Receiver"": ""dloughnan"", ""num_targets"": 2.0, ""num_possessions"": 0.0, ""target_aec"": 0.574087072122873}, {""Receiver"": ""eholmgren"", ""num_targets"": 4.0, ""num_possessions"": 0.0, ""target_aec"": 0.5299401800411749}, {""Receiver"": ""mhanna"", ""num_targets"": 2.0, ""num_possessions"": 0.0, ""target_aec"": 0.19469459937249062}, {""Receiver"": ""ndigiorgi"", ""num_targets"": 1.0, ""num_possessions"": 0.0, ""target_aec"": -9.81220619002202e-05}, {""Receiver"": ""nmccloske"", ""num_targets"": 4.0, ""num_possessions"": 0.0, ""target_aec"": 0.1170615704635618}, {""Receiver"": ""oerdman"", ""num_targets"": 1.0, ""num_possessions"": 0.0, ""target_aec"": 0.00425958466720811}, {""Receiver"": ""sdavies1"", ""num_targets"": 2.0, ""num_possessions"": 0.0, ""target_aec"": 0.3405560745966687}]",1.0,0.0526315789473684,0.363636363636364,0.230769230769231,0,0.2735,2026-06-21 01:13:17,glory,phoenix,30,14,Final,2026-06-20 19:00:00,19,0.054599833528679476,0.03677079709000958,-0.004839087777151374
2026-06-20-PHI-BOS,2026-06-20-PHI-BOS,zsinger,Zach Singer,Zach,Singer,glory,23,2026,2,2,3,20,20,0,0,0,94,203,18,0,0,0,0,0,0,0,0,0,20,4,2556,3.09838906533882,0.939282568392338,20.0,20.0,0.0607174316076617,0.0,2.91558107365071,2.64921894012198,5.56480001377269,18,14.0,13,23,17,1.0,56.7356091794996,9.80830221839485,8.9531141622016,62.1549095985646,1,1,0,,"[{""Receiver"": ""bmccann"", ""num_targets"": 1.0, ""num_possessions"": 0.0, ""target_aec"": 0.000604503532339996}, {""Receiver"": ""jconroy"", ""num_targets"": 2.0, ""num_possessions"": 0.0, ""target_aec"": 0.5430805429501331}, {""Receiver"": ""jtapper"", ""num_targets"": 1.0, ""num_possessions"": 0.0, ""target_aec"": 0.0631728917331726}, {""Receiver"": ""mmcdonnel"", ""num_targets"": 3.0, ""num_possessions"": 0.0, ""target_aec"": -0.007505616228171253}, {""Receiver"": ""ograff"", ""num_targets"": 3.0, ""num_possessions"": 0.0, ""target_aec"": 0.1874953305786468}, {""Receiver"": ""rdunkerle"", ""num_targets"": 2.0, ""num_possessions"": 0.0, ""target_aec"": 0.327138782866992}, {""Receiver"": ""sfisherol"", ""num_targets"": 1.0, ""num_possessions"": 0.0, ""target_aec"": 0.435184037945052}, {""Receiver"": ""tdecraene"", ""num_targets"": 2.0, ""num_possessions"": 0.0, ""target_aec"": 0.18133113365556008}, {""Receiver"": ""tjohnson1"", ""num_targets"": 5.0, ""num_possessions"": 0.0, ""target_aec"": 1.1850794666169837}]",1.0,0.05,0.722222222222222,0.739130434782609,0,0.24,2026-06-21 01:13:17,glory,phoenix,30,14,Final,2026-06-20 19:00:00,20,0.1457790536825355,0.27824000068863447,0.154919453266941
